<?xml version="1.0"?>
<VTKFile type="UnstructuredGrid"  version="0.1"  >
<UnstructuredGrid>
<Piece  NumberOfPoints="1681" NumberOfCells="3200">
<Points>
<DataArray  type="Float64"  NumberOfComponents="3"  format="ascii">0 0 0  0.025 0 0  0.05 0 0  0.075 0 0  0.1 0 0  0.125 0 0  0.15 0 0  0.175 0 0  0.2 0 0  0.225 0 0  0.25 0 0  0.275 0 0  0.3 0 0  0.325 0 0  0.35 0 0  0.375 0 0  0.4 0 0  0.425 0 0  0.45 0 0  0.475 0 0  0.5 0 0  0.525 0 0  0.55 0 0  0.575 0 0  0.6 0 0  0.625 0 0  0.65 0 0  0.675 0 0  0.7 0 0  0.725 0 0  0.75 0 0  0.775 0 0  0.8 0 0  0.825 0 0  0.85 0 0  0.875 0 0  0.9 0 0  0.925 0 0  0.95 0 0  0.975 0 0  1 0 0  0 0.025 0  0.025 0.025 0  0.05 0.025 0  0.075 0.025 0  0.1 0.025 0  0.125 0.025 0  0.15 0.025 0  0.175 0.025 0  0.2 0.025 0  0.225 0.025 0  0.25 0.025 0  0.275 0.025 0  0.3 0.025 0  0.325 0.025 0  0.35 0.025 0  0.375 0.025 0  0.4 0.025 0  0.425 0.025 0  0.45 0.025 0  0.475 0.025 0  0.5 0.025 0  0.525 0.025 0  0.55 0.025 0  0.575 0.025 0  0.6 0.025 0  0.625 0.025 0  0.65 0.025 0  0.675 0.025 0  0.7 0.025 0  0.725 0.025 0  0.75 0.025 0  0.775 0.025 0  0.8 0.025 0  0.825 0.025 0  0.85 0.025 0  0.875 0.025 0  0.9 0.025 0  0.925 0.025 0  0.95 0.025 0  0.975 0.025 0  1 0.025 0  0 0.05 0  0.025 0.05 0  0.05 0.05 0  0.075 0.05 0  0.1 0.05 0  0.125 0.05 0  0.15 0.05 0  0.175 0.05 0  0.2 0.05 0  0.225 0.05 0  0.25 0.05 0  0.275 0.05 0  0.3 0.05 0  0.325 0.05 0  0.35 0.05 0  0.375 0.05 0  0.4 0.05 0  0.425 0.05 0  0.45 0.05 0  0.475 0.05 0  0.5 0.05 0  0.525 0.05 0  0.55 0.05 0  0.575 0.05 0  0.6 0.05 0  0.625 0.05 0  0.65 0.05 0  0.675 0.05 0  0.7 0.05 0  0.725 0.05 0  0.75 0.05 0  0.775 0.05 0  0.8 0.05 0  0.825 0.05 0  0.85 0.05 0  0.875 0.05 0  0.9 0.05 0  0.925 0.05 0  0.95 0.05 0  0.975 0.05 0  1 0.05 0  0 0.075 0  0.025 0.075 0  0.05 0.075 0  0.075 0.075 0  0.1 0.075 0  0.125 0.075 0  0.15 0.075 0  0.175 0.075 0  0.2 0.075 0  0.225 0.075 0  0.25 0.075 0  0.275 0.075 0  0.3 0.075 0  0.325 0.075 0  0.35 0.075 0  0.375 0.075 0  0.4 0.075 0  0.425 0.075 0  0.45 0.075 0  0.475 0.075 0  0.5 0.075 0  0.525 0.075 0  0.55 0.075 0  0.575 0.075 0  0.6 0.075 0  0.625 0.075 0  0.65 0.075 0  0.675 0.075 0  0.7 0.075 0  0.725 0.075 0  0.75 0.075 0  0.775 0.075 0  0.8 0.075 0  0.825 0.075 0  0.85 0.075 0  0.875 0.075 0  0.9 0.075 0  0.925 0.075 0  0.95 0.075 0  0.975 0.075 0  1 0.075 0  0 0.1 0  0.025 0.1 0  0.05 0.1 0  0.075 0.1 0  0.1 0.1 0  0.125 0.1 0  0.15 0.1 0  0.175 0.1 0  0.2 0.1 0  0.225 0.1 0  0.25 0.1 0  0.275 0.1 0  0.3 0.1 0  0.325 0.1 0  0.35 0.1 0  0.375 0.1 0  0.4 0.1 0  0.425 0.1 0  0.45 0.1 0  0.475 0.1 0  0.5 0.1 0  0.525 0.1 0  0.55 0.1 0  0.575 0.1 0  0.6 0.1 0  0.625 0.1 0  0.65 0.1 0  0.675 0.1 0  0.7 0.1 0  0.725 0.1 0  0.75 0.1 0  0.775 0.1 0  0.8 0.1 0  0.825 0.1 0  0.85 0.1 0  0.875 0.1 0  0.9 0.1 0  0.925 0.1 0  0.95 0.1 0  0.975 0.1 0  1 0.1 0  0 0.125 0  0.025 0.125 0  0.05 0.125 0  0.075 0.125 0  0.1 0.125 0  0.125 0.125 0  0.15 0.125 0  0.175 0.125 0  0.2 0.125 0  0.225 0.125 0  0.25 0.125 0  0.275 0.125 0  0.3 0.125 0  0.325 0.125 0  0.35 0.125 0  0.375 0.125 0  0.4 0.125 0  0.425 0.125 0  0.45 0.125 0  0.475 0.125 0  0.5 0.125 0  0.525 0.125 0  0.55 0.125 0  0.575 0.125 0  0.6 0.125 0  0.625 0.125 0  0.65 0.125 0  0.675 0.125 0  0.7 0.125 0  0.725 0.125 0  0.75 0.125 0  0.775 0.125 0  0.8 0.125 0  0.825 0.125 0  0.85 0.125 0  0.875 0.125 0  0.9 0.125 0  0.925 0.125 0  0.95 0.125 0  0.975 0.125 0  1 0.125 0  0 0.15 0  0.025 0.15 0  0.05 0.15 0  0.075 0.15 0  0.1 0.15 0  0.125 0.15 0  0.15 0.15 0  0.175 0.15 0  0.2 0.15 0  0.225 0.15 0  0.25 0.15 0  0.275 0.15 0  0.3 0.15 0  0.325 0.15 0  0.35 0.15 0  0.375 0.15 0  0.4 0.15 0  0.425 0.15 0  0.45 0.15 0  0.475 0.15 0  0.5 0.15 0  0.525 0.15 0  0.55 0.15 0  0.575 0.15 0  0.6 0.15 0  0.625 0.15 0  0.65 0.15 0  0.675 0.15 0  0.7 0.15 0  0.725 0.15 0  0.75 0.15 0  0.775 0.15 0  0.8 0.15 0  0.825 0.15 0  0.85 0.15 0  0.875 0.15 0  0.9 0.15 0  0.925 0.15 0  0.95 0.15 0  0.975 0.15 0  1 0.15 0  0 0.175 0  0.025 0.175 0  0.05 0.175 0  0.075 0.175 0  0.1 0.175 0  0.125 0.175 0  0.15 0.175 0  0.175 0.175 0  0.2 0.175 0  0.225 0.175 0  0.25 0.175 0  0.275 0.175 0  0.3 0.175 0  0.325 0.175 0  0.35 0.175 0  0.375 0.175 0  0.4 0.175 0  0.425 0.175 0  0.45 0.175 0  0.475 0.175 0  0.5 0.175 0  0.525 0.175 0  0.55 0.175 0  0.575 0.175 0  0.6 0.175 0  0.625 0.175 0  0.65 0.175 0  0.675 0.175 0  0.7 0.175 0  0.725 0.175 0  0.75 0.175 0  0.775 0.175 0  0.8 0.175 0  0.825 0.175 0  0.85 0.175 0  0.875 0.175 0  0.9 0.175 0  0.925 0.175 0  0.95 0.175 0  0.975 0.175 0  1 0.175 0  0 0.2 0  0.025 0.2 0  0.05 0.2 0  0.075 0.2 0  0.1 0.2 0  0.125 0.2 0  0.15 0.2 0  0.175 0.2 0  0.2 0.2 0  0.225 0.2 0  0.25 0.2 0  0.275 0.2 0  0.3 0.2 0  0.325 0.2 0  0.35 0.2 0  0.375 0.2 0  0.4 0.2 0  0.425 0.2 0  0.45 0.2 0  0.475 0.2 0  0.5 0.2 0  0.525 0.2 0  0.55 0.2 0  0.575 0.2 0  0.6 0.2 0  0.625 0.2 0  0.65 0.2 0  0.675 0.2 0  0.7 0.2 0  0.725 0.2 0  0.75 0.2 0  0.775 0.2 0  0.8 0.2 0  0.825 0.2 0  0.85 0.2 0  0.875 0.2 0  0.9 0.2 0  0.925 0.2 0  0.95 0.2 0  0.975 0.2 0  1 0.2 0  0 0.225 0  0.025 0.225 0  0.05 0.225 0  0.075 0.225 0  0.1 0.225 0  0.125 0.225 0  0.15 0.225 0  0.175 0.225 0  0.2 0.225 0  0.225 0.225 0  0.25 0.225 0  0.275 0.225 0  0.3 0.225 0  0.325 0.225 0  0.35 0.225 0  0.375 0.225 0  0.4 0.225 0  0.425 0.225 0  0.45 0.225 0  0.475 0.225 0  0.5 0.225 0  0.525 0.225 0  0.55 0.225 0  0.575 0.225 0  0.6 0.225 0  0.625 0.225 0  0.65 0.225 0  0.675 0.225 0  0.7 0.225 0  0.725 0.225 0  0.75 0.225 0  0.775 0.225 0  0.8 0.225 0  0.825 0.225 0  0.85 0.225 0  0.875 0.225 0  0.9 0.225 0  0.925 0.225 0  0.95 0.225 0  0.975 0.225 0  1 0.225 0  0 0.25 0  0.025 0.25 0  0.05 0.25 0  0.075 0.25 0  0.1 0.25 0  0.125 0.25 0  0.15 0.25 0  0.175 0.25 0  0.2 0.25 0  0.225 0.25 0  0.25 0.25 0  0.275 0.25 0  0.3 0.25 0  0.325 0.25 0  0.35 0.25 0  0.375 0.25 0  0.4 0.25 0  0.425 0.25 0  0.45 0.25 0  0.475 0.25 0  0.5 0.25 0  0.525 0.25 0  0.55 0.25 0  0.575 0.25 0  0.6 0.25 0  0.625 0.25 0  0.65 0.25 0  0.675 0.25 0  0.7 0.25 0  0.725 0.25 0  0.75 0.25 0  0.775 0.25 0  0.8 0.25 0  0.825 0.25 0  0.85 0.25 0  0.875 0.25 0  0.9 0.25 0  0.925 0.25 0  0.95 0.25 0  0.975 0.25 0  1 0.25 0  0 0.275 0  0.025 0.275 0  0.05 0.275 0  0.075 0.275 0  0.1 0.275 0  0.125 0.275 0  0.15 0.275 0  0.175 0.275 0  0.2 0.275 0  0.225 0.275 0  0.25 0.275 0  0.275 0.275 0  0.3 0.275 0  0.325 0.275 0  0.35 0.275 0  0.375 0.275 0  0.4 0.275 0  0.425 0.275 0  0.45 0.275 0  0.475 0.275 0  0.5 0.275 0  0.525 0.275 0  0.55 0.275 0  0.575 0.275 0  0.6 0.275 0  0.625 0.275 0  0.65 0.275 0  0.675 0.275 0  0.7 0.275 0  0.725 0.275 0  0.75 0.275 0  0.775 0.275 0  0.8 0.275 0  0.825 0.275 0  0.85 0.275 0  0.875 0.275 0  0.9 0.275 0  0.925 0.275 0  0.95 0.275 0  0.975 0.275 0  1 0.275 0  0 0.3 0  0.025 0.3 0  0.05 0.3 0  0.075 0.3 0  0.1 0.3 0  0.125 0.3 0  0.15 0.3 0  0.175 0.3 0  0.2 0.3 0  0.225 0.3 0  0.25 0.3 0  0.275 0.3 0  0.3 0.3 0  0.325 0.3 0  0.35 0.3 0  0.375 0.3 0  0.4 0.3 0  0.425 0.3 0  0.45 0.3 0  0.475 0.3 0  0.5 0.3 0  0.525 0.3 0  0.55 0.3 0  0.575 0.3 0  0.6 0.3 0  0.625 0.3 0  0.65 0.3 0  0.675 0.3 0  0.7 0.3 0  0.725 0.3 0  0.75 0.3 0  0.775 0.3 0  0.8 0.3 0  0.825 0.3 0  0.85 0.3 0  0.875 0.3 0  0.9 0.3 0  0.925 0.3 0  0.95 0.3 0  0.975 0.3 0  1 0.3 0  0 0.325 0  0.025 0.325 0  0.05 0.325 0  0.075 0.325 0  0.1 0.325 0  0.125 0.325 0  0.15 0.325 0  0.175 0.325 0  0.2 0.325 0  0.225 0.325 0  0.25 0.325 0  0.275 0.325 0  0.3 0.325 0  0.325 0.325 0  0.35 0.325 0  0.375 0.325 0  0.4 0.325 0  0.425 0.325 0  0.45 0.325 0  0.475 0.325 0  0.5 0.325 0  0.525 0.325 0  0.55 0.325 0  0.575 0.325 0  0.6 0.325 0  0.625 0.325 0  0.65 0.325 0  0.675 0.325 0  0.7 0.325 0  0.725 0.325 0  0.75 0.325 0  0.775 0.325 0  0.8 0.325 0  0.825 0.325 0  0.85 0.325 0  0.875 0.325 0  0.9 0.325 0  0.925 0.325 0  0.95 0.325 0  0.975 0.325 0  1 0.325 0  0 0.35 0  0.025 0.35 0  0.05 0.35 0  0.075 0.35 0  0.1 0.35 0  0.125 0.35 0  0.15 0.35 0  0.175 0.35 0  0.2 0.35 0  0.225 0.35 0  0.25 0.35 0  0.275 0.35 0  0.3 0.35 0  0.325 0.35 0  0.35 0.35 0  0.375 0.35 0  0.4 0.35 0  0.425 0.35 0  0.45 0.35 0  0.475 0.35 0  0.5 0.35 0  0.525 0.35 0  0.55 0.35 0  0.575 0.35 0  0.6 0.35 0  0.625 0.35 0  0.65 0.35 0  0.675 0.35 0  0.7 0.35 0  0.725 0.35 0  0.75 0.35 0  0.775 0.35 0  0.8 0.35 0  0.825 0.35 0  0.85 0.35 0  0.875 0.35 0  0.9 0.35 0  0.925 0.35 0  0.95 0.35 0  0.975 0.35 0  1 0.35 0  0 0.375 0  0.025 0.375 0  0.05 0.375 0  0.075 0.375 0  0.1 0.375 0  0.125 0.375 0  0.15 0.375 0  0.175 0.375 0  0.2 0.375 0  0.225 0.375 0  0.25 0.375 0  0.275 0.375 0  0.3 0.375 0  0.325 0.375 0  0.35 0.375 0  0.375 0.375 0  0.4 0.375 0  0.425 0.375 0  0.45 0.375 0  0.475 0.375 0  0.5 0.375 0  0.525 0.375 0  0.55 0.375 0  0.575 0.375 0  0.6 0.375 0  0.625 0.375 0  0.65 0.375 0  0.675 0.375 0  0.7 0.375 0  0.725 0.375 0  0.75 0.375 0  0.775 0.375 0  0.8 0.375 0  0.825 0.375 0  0.85 0.375 0  0.875 0.375 0  0.9 0.375 0  0.925 0.375 0  0.95 0.375 0  0.975 0.375 0  1 0.375 0  0 0.4 0  0.025 0.4 0  0.05 0.4 0  0.075 0.4 0  0.1 0.4 0  0.125 0.4 0  0.15 0.4 0  0.175 0.4 0  0.2 0.4 0  0.225 0.4 0  0.25 0.4 0  0.275 0.4 0  0.3 0.4 0  0.325 0.4 0  0.35 0.4 0  0.375 0.4 0  0.4 0.4 0  0.425 0.4 0  0.45 0.4 0  0.475 0.4 0  0.5 0.4 0  0.525 0.4 0  0.55 0.4 0  0.575 0.4 0  0.6 0.4 0  0.625 0.4 0  0.65 0.4 0  0.675 0.4 0  0.7 0.4 0  0.725 0.4 0  0.75 0.4 0  0.775 0.4 0  0.8 0.4 0  0.825 0.4 0  0.85 0.4 0  0.875 0.4 0  0.9 0.4 0  0.925 0.4 0  0.95 0.4 0  0.975 0.4 0  1 0.4 0  0 0.425 0  0.025 0.425 0  0.05 0.425 0  0.075 0.425 0  0.1 0.425 0  0.125 0.425 0  0.15 0.425 0  0.175 0.425 0  0.2 0.425 0  0.225 0.425 0  0.25 0.425 0  0.275 0.425 0  0.3 0.425 0  0.325 0.425 0  0.35 0.425 0  0.375 0.425 0  0.4 0.425 0  0.425 0.425 0  0.45 0.425 0  0.475 0.425 0  0.5 0.425 0  0.525 0.425 0  0.55 0.425 0  0.575 0.425 0  0.6 0.425 0  0.625 0.425 0  0.65 0.425 0  0.675 0.425 0  0.7 0.425 0  0.725 0.425 0  0.75 0.425 0  0.775 0.425 0  0.8 0.425 0  0.825 0.425 0  0.85 0.425 0  0.875 0.425 0  0.9 0.425 0  0.925 0.425 0  0.95 0.425 0  0.975 0.425 0  1 0.425 0  0 0.45 0  0.025 0.45 0  0.05 0.45 0  0.075 0.45 0  0.1 0.45 0  0.125 0.45 0  0.15 0.45 0  0.175 0.45 0  0.2 0.45 0  0.225 0.45 0  0.25 0.45 0  0.275 0.45 0  0.3 0.45 0  0.325 0.45 0  0.35 0.45 0  0.375 0.45 0  0.4 0.45 0  0.425 0.45 0  0.45 0.45 0  0.475 0.45 0  0.5 0.45 0  0.525 0.45 0  0.55 0.45 0  0.575 0.45 0  0.6 0.45 0  0.625 0.45 0  0.65 0.45 0  0.675 0.45 0  0.7 0.45 0  0.725 0.45 0  0.75 0.45 0  0.775 0.45 0  0.8 0.45 0  0.825 0.45 0  0.85 0.45 0  0.875 0.45 0  0.9 0.45 0  0.925 0.45 0  0.95 0.45 0  0.975 0.45 0  1 0.45 0  0 0.475 0  0.025 0.475 0  0.05 0.475 0  0.075 0.475 0  0.1 0.475 0  0.125 0.475 0  0.15 0.475 0  0.175 0.475 0  0.2 0.475 0  0.225 0.475 0  0.25 0.475 0  0.275 0.475 0  0.3 0.475 0  0.325 0.475 0  0.35 0.475 0  0.375 0.475 0  0.4 0.475 0  0.425 0.475 0  0.45 0.475 0  0.475 0.475 0  0.5 0.475 0  0.525 0.475 0  0.55 0.475 0  0.575 0.475 0  0.6 0.475 0  0.625 0.475 0  0.65 0.475 0  0.675 0.475 0  0.7 0.475 0  0.725 0.475 0  0.75 0.475 0  0.775 0.475 0  0.8 0.475 0  0.825 0.475 0  0.85 0.475 0  0.875 0.475 0  0.9 0.475 0  0.925 0.475 0  0.95 0.475 0  0.975 0.475 0  1 0.475 0  0 0.5 0  0.025 0.5 0  0.05 0.5 0  0.075 0.5 0  0.1 0.5 0  0.125 0.5 0  0.15 0.5 0  0.175 0.5 0  0.2 0.5 0  0.225 0.5 0  0.25 0.5 0  0.275 0.5 0  0.3 0.5 0  0.325 0.5 0  0.35 0.5 0  0.375 0.5 0  0.4 0.5 0  0.425 0.5 0  0.45 0.5 0  0.475 0.5 0  0.5 0.5 0  0.525 0.5 0  0.55 0.5 0  0.575 0.5 0  0.6 0.5 0  0.625 0.5 0  0.65 0.5 0  0.675 0.5 0  0.7 0.5 0  0.725 0.5 0  0.75 0.5 0  0.775 0.5 0  0.8 0.5 0  0.825 0.5 0  0.85 0.5 0  0.875 0.5 0  0.9 0.5 0  0.925 0.5 0  0.95 0.5 0  0.975 0.5 0  1 0.5 0  0 0.525 0  0.025 0.525 0  0.05 0.525 0  0.075 0.525 0  0.1 0.525 0  0.125 0.525 0  0.15 0.525 0  0.175 0.525 0  0.2 0.525 0  0.225 0.525 0  0.25 0.525 0  0.275 0.525 0  0.3 0.525 0  0.325 0.525 0  0.35 0.525 0  0.375 0.525 0  0.4 0.525 0  0.425 0.525 0  0.45 0.525 0  0.475 0.525 0  0.5 0.525 0  0.525 0.525 0  0.55 0.525 0  0.575 0.525 0  0.6 0.525 0  0.625 0.525 0  0.65 0.525 0  0.675 0.525 0  0.7 0.525 0  0.725 0.525 0  0.75 0.525 0  0.775 0.525 0  0.8 0.525 0  0.825 0.525 0  0.85 0.525 0  0.875 0.525 0  0.9 0.525 0  0.925 0.525 0  0.95 0.525 0  0.975 0.525 0  1 0.525 0  0 0.55 0  0.025 0.55 0  0.05 0.55 0  0.075 0.55 0  0.1 0.55 0  0.125 0.55 0  0.15 0.55 0  0.175 0.55 0  0.2 0.55 0  0.225 0.55 0  0.25 0.55 0  0.275 0.55 0  0.3 0.55 0  0.325 0.55 0  0.35 0.55 0  0.375 0.55 0  0.4 0.55 0  0.425 0.55 0  0.45 0.55 0  0.475 0.55 0  0.5 0.55 0  0.525 0.55 0  0.55 0.55 0  0.575 0.55 0  0.6 0.55 0  0.625 0.55 0  0.65 0.55 0  0.675 0.55 0  0.7 0.55 0  0.725 0.55 0  0.75 0.55 0  0.775 0.55 0  0.8 0.55 0  0.825 0.55 0  0.85 0.55 0  0.875 0.55 0  0.9 0.55 0  0.925 0.55 0  0.95 0.55 0  0.975 0.55 0  1 0.55 0  0 0.575 0  0.025 0.575 0  0.05 0.575 0  0.075 0.575 0  0.1 0.575 0  0.125 0.575 0  0.15 0.575 0  0.175 0.575 0  0.2 0.575 0  0.225 0.575 0  0.25 0.575 0  0.275 0.575 0  0.3 0.575 0  0.325 0.575 0  0.35 0.575 0  0.375 0.575 0  0.4 0.575 0  0.425 0.575 0  0.45 0.575 0  0.475 0.575 0  0.5 0.575 0  0.525 0.575 0  0.55 0.575 0  0.575 0.575 0  0.6 0.575 0  0.625 0.575 0  0.65 0.575 0  0.675 0.575 0  0.7 0.575 0  0.725 0.575 0  0.75 0.575 0  0.775 0.575 0  0.8 0.575 0  0.825 0.575 0  0.85 0.575 0  0.875 0.575 0  0.9 0.575 0  0.925 0.575 0  0.95 0.575 0  0.975 0.575 0  1 0.575 0  0 0.6 0  0.025 0.6 0  0.05 0.6 0  0.075 0.6 0  0.1 0.6 0  0.125 0.6 0  0.15 0.6 0  0.175 0.6 0  0.2 0.6 0  0.225 0.6 0  0.25 0.6 0  0.275 0.6 0  0.3 0.6 0  0.325 0.6 0  0.35 0.6 0  0.375 0.6 0  0.4 0.6 0  0.425 0.6 0  0.45 0.6 0  0.475 0.6 0  0.5 0.6 0  0.525 0.6 0  0.55 0.6 0  0.575 0.6 0  0.6 0.6 0  0.625 0.6 0  0.65 0.6 0  0.675 0.6 0  0.7 0.6 0  0.725 0.6 0  0.75 0.6 0  0.775 0.6 0  0.8 0.6 0  0.825 0.6 0  0.85 0.6 0  0.875 0.6 0  0.9 0.6 0  0.925 0.6 0  0.95 0.6 0  0.975 0.6 0  1 0.6 0  0 0.625 0  0.025 0.625 0  0.05 0.625 0  0.075 0.625 0  0.1 0.625 0  0.125 0.625 0  0.15 0.625 0  0.175 0.625 0  0.2 0.625 0  0.225 0.625 0  0.25 0.625 0  0.275 0.625 0  0.3 0.625 0  0.325 0.625 0  0.35 0.625 0  0.375 0.625 0  0.4 0.625 0  0.425 0.625 0  0.45 0.625 0  0.475 0.625 0  0.5 0.625 0  0.525 0.625 0  0.55 0.625 0  0.575 0.625 0  0.6 0.625 0  0.625 0.625 0  0.65 0.625 0  0.675 0.625 0  0.7 0.625 0  0.725 0.625 0  0.75 0.625 0  0.775 0.625 0  0.8 0.625 0  0.825 0.625 0  0.85 0.625 0  0.875 0.625 0  0.9 0.625 0  0.925 0.625 0  0.95 0.625 0  0.975 0.625 0  1 0.625 0  0 0.65 0  0.025 0.65 0  0.05 0.65 0  0.075 0.65 0  0.1 0.65 0  0.125 0.65 0  0.15 0.65 0  0.175 0.65 0  0.2 0.65 0  0.225 0.65 0  0.25 0.65 0  0.275 0.65 0  0.3 0.65 0  0.325 0.65 0  0.35 0.65 0  0.375 0.65 0  0.4 0.65 0  0.425 0.65 0  0.45 0.65 0  0.475 0.65 0  0.5 0.65 0  0.525 0.65 0  0.55 0.65 0  0.575 0.65 0  0.6 0.65 0  0.625 0.65 0  0.65 0.65 0  0.675 0.65 0  0.7 0.65 0  0.725 0.65 0  0.75 0.65 0  0.775 0.65 0  0.8 0.65 0  0.825 0.65 0  0.85 0.65 0  0.875 0.65 0  0.9 0.65 0  0.925 0.65 0  0.95 0.65 0  0.975 0.65 0  1 0.65 0  0 0.675 0  0.025 0.675 0  0.05 0.675 0  0.075 0.675 0  0.1 0.675 0  0.125 0.675 0  0.15 0.675 0  0.175 0.675 0  0.2 0.675 0  0.225 0.675 0  0.25 0.675 0  0.275 0.675 0  0.3 0.675 0  0.325 0.675 0  0.35 0.675 0  0.375 0.675 0  0.4 0.675 0  0.425 0.675 0  0.45 0.675 0  0.475 0.675 0  0.5 0.675 0  0.525 0.675 0  0.55 0.675 0  0.575 0.675 0  0.6 0.675 0  0.625 0.675 0  0.65 0.675 0  0.675 0.675 0  0.7 0.675 0  0.725 0.675 0  0.75 0.675 0  0.775 0.675 0  0.8 0.675 0  0.825 0.675 0  0.85 0.675 0  0.875 0.675 0  0.9 0.675 0  0.925 0.675 0  0.95 0.675 0  0.975 0.675 0  1 0.675 0  0 0.7 0  0.025 0.7 0  0.05 0.7 0  0.075 0.7 0  0.1 0.7 0  0.125 0.7 0  0.15 0.7 0  0.175 0.7 0  0.2 0.7 0  0.225 0.7 0  0.25 0.7 0  0.275 0.7 0  0.3 0.7 0  0.325 0.7 0  0.35 0.7 0  0.375 0.7 0  0.4 0.7 0  0.425 0.7 0  0.45 0.7 0  0.475 0.7 0  0.5 0.7 0  0.525 0.7 0  0.55 0.7 0  0.575 0.7 0  0.6 0.7 0  0.625 0.7 0  0.65 0.7 0  0.675 0.7 0  0.7 0.7 0  0.725 0.7 0  0.75 0.7 0  0.775 0.7 0  0.8 0.7 0  0.825 0.7 0  0.85 0.7 0  0.875 0.7 0  0.9 0.7 0  0.925 0.7 0  0.95 0.7 0  0.975 0.7 0  1 0.7 0  0 0.725 0  0.025 0.725 0  0.05 0.725 0  0.075 0.725 0  0.1 0.725 0  0.125 0.725 0  0.15 0.725 0  0.175 0.725 0  0.2 0.725 0  0.225 0.725 0  0.25 0.725 0  0.275 0.725 0  0.3 0.725 0  0.325 0.725 0  0.35 0.725 0  0.375 0.725 0  0.4 0.725 0  0.425 0.725 0  0.45 0.725 0  0.475 0.725 0  0.5 0.725 0  0.525 0.725 0  0.55 0.725 0  0.575 0.725 0  0.6 0.725 0  0.625 0.725 0  0.65 0.725 0  0.675 0.725 0  0.7 0.725 0  0.725 0.725 0  0.75 0.725 0  0.775 0.725 0  0.8 0.725 0  0.825 0.725 0  0.85 0.725 0  0.875 0.725 0  0.9 0.725 0  0.925 0.725 0  0.95 0.725 0  0.975 0.725 0  1 0.725 0  0 0.75 0  0.025 0.75 0  0.05 0.75 0  0.075 0.75 0  0.1 0.75 0  0.125 0.75 0  0.15 0.75 0  0.175 0.75 0  0.2 0.75 0  0.225 0.75 0  0.25 0.75 0  0.275 0.75 0  0.3 0.75 0  0.325 0.75 0  0.35 0.75 0  0.375 0.75 0  0.4 0.75 0  0.425 0.75 0  0.45 0.75 0  0.475 0.75 0  0.5 0.75 0  0.525 0.75 0  0.55 0.75 0  0.575 0.75 0  0.6 0.75 0  0.625 0.75 0  0.65 0.75 0  0.675 0.75 0  0.7 0.75 0  0.725 0.75 0  0.75 0.75 0  0.775 0.75 0  0.8 0.75 0  0.825 0.75 0  0.85 0.75 0  0.875 0.75 0  0.9 0.75 0  0.925 0.75 0  0.95 0.75 0  0.975 0.75 0  1 0.75 0  0 0.775 0  0.025 0.775 0  0.05 0.775 0  0.075 0.775 0  0.1 0.775 0  0.125 0.775 0  0.15 0.775 0  0.175 0.775 0  0.2 0.775 0  0.225 0.775 0  0.25 0.775 0  0.275 0.775 0  0.3 0.775 0  0.325 0.775 0  0.35 0.775 0  0.375 0.775 0  0.4 0.775 0  0.425 0.775 0  0.45 0.775 0  0.475 0.775 0  0.5 0.775 0  0.525 0.775 0  0.55 0.775 0  0.575 0.775 0  0.6 0.775 0  0.625 0.775 0  0.65 0.775 0  0.675 0.775 0  0.7 0.775 0  0.725 0.775 0  0.75 0.775 0  0.775 0.775 0  0.8 0.775 0  0.825 0.775 0  0.85 0.775 0  0.875 0.775 0  0.9 0.775 0  0.925 0.775 0  0.95 0.775 0  0.975 0.775 0  1 0.775 0  0 0.8 0  0.025 0.8 0  0.05 0.8 0  0.075 0.8 0  0.1 0.8 0  0.125 0.8 0  0.15 0.8 0  0.175 0.8 0  0.2 0.8 0  0.225 0.8 0  0.25 0.8 0  0.275 0.8 0  0.3 0.8 0  0.325 0.8 0  0.35 0.8 0  0.375 0.8 0  0.4 0.8 0  0.425 0.8 0  0.45 0.8 0  0.475 0.8 0  0.5 0.8 0  0.525 0.8 0  0.55 0.8 0  0.575 0.8 0  0.6 0.8 0  0.625 0.8 0  0.65 0.8 0  0.675 0.8 0  0.7 0.8 0  0.725 0.8 0  0.75 0.8 0  0.775 0.8 0  0.8 0.8 0  0.825 0.8 0  0.85 0.8 0  0.875 0.8 0  0.9 0.8 0  0.925 0.8 0  0.95 0.8 0  0.975 0.8 0  1 0.8 0  0 0.825 0  0.025 0.825 0  0.05 0.825 0  0.075 0.825 0  0.1 0.825 0  0.125 0.825 0  0.15 0.825 0  0.175 0.825 0  0.2 0.825 0  0.225 0.825 0  0.25 0.825 0  0.275 0.825 0  0.3 0.825 0  0.325 0.825 0  0.35 0.825 0  0.375 0.825 0  0.4 0.825 0  0.425 0.825 0  0.45 0.825 0  0.475 0.825 0  0.5 0.825 0  0.525 0.825 0  0.55 0.825 0  0.575 0.825 0  0.6 0.825 0  0.625 0.825 0  0.65 0.825 0  0.675 0.825 0  0.7 0.825 0  0.725 0.825 0  0.75 0.825 0  0.775 0.825 0  0.8 0.825 0  0.825 0.825 0  0.85 0.825 0  0.875 0.825 0  0.9 0.825 0  0.925 0.825 0  0.95 0.825 0  0.975 0.825 0  1 0.825 0  0 0.85 0  0.025 0.85 0  0.05 0.85 0  0.075 0.85 0  0.1 0.85 0  0.125 0.85 0  0.15 0.85 0  0.175 0.85 0  0.2 0.85 0  0.225 0.85 0  0.25 0.85 0  0.275 0.85 0  0.3 0.85 0  0.325 0.85 0  0.35 0.85 0  0.375 0.85 0  0.4 0.85 0  0.425 0.85 0  0.45 0.85 0  0.475 0.85 0  0.5 0.85 0  0.525 0.85 0  0.55 0.85 0  0.575 0.85 0  0.6 0.85 0  0.625 0.85 0  0.65 0.85 0  0.675 0.85 0  0.7 0.85 0  0.725 0.85 0  0.75 0.85 0  0.775 0.85 0  0.8 0.85 0  0.825 0.85 0  0.85 0.85 0  0.875 0.85 0  0.9 0.85 0  0.925 0.85 0  0.95 0.85 0  0.975 0.85 0  1 0.85 0  0 0.875 0  0.025 0.875 0  0.05 0.875 0  0.075 0.875 0  0.1 0.875 0  0.125 0.875 0  0.15 0.875 0  0.175 0.875 0  0.2 0.875 0  0.225 0.875 0  0.25 0.875 0  0.275 0.875 0  0.3 0.875 0  0.325 0.875 0  0.35 0.875 0  0.375 0.875 0  0.4 0.875 0  0.425 0.875 0  0.45 0.875 0  0.475 0.875 0  0.5 0.875 0  0.525 0.875 0  0.55 0.875 0  0.575 0.875 0  0.6 0.875 0  0.625 0.875 0  0.65 0.875 0  0.675 0.875 0  0.7 0.875 0  0.725 0.875 0  0.75 0.875 0  0.775 0.875 0  0.8 0.875 0  0.825 0.875 0  0.85 0.875 0  0.875 0.875 0  0.9 0.875 0  0.925 0.875 0  0.95 0.875 0  0.975 0.875 0  1 0.875 0  0 0.9 0  0.025 0.9 0  0.05 0.9 0  0.075 0.9 0  0.1 0.9 0  0.125 0.9 0  0.15 0.9 0  0.175 0.9 0  0.2 0.9 0  0.225 0.9 0  0.25 0.9 0  0.275 0.9 0  0.3 0.9 0  0.325 0.9 0  0.35 0.9 0  0.375 0.9 0  0.4 0.9 0  0.425 0.9 0  0.45 0.9 0  0.475 0.9 0  0.5 0.9 0  0.525 0.9 0  0.55 0.9 0  0.575 0.9 0  0.6 0.9 0  0.625 0.9 0  0.65 0.9 0  0.675 0.9 0  0.7 0.9 0  0.725 0.9 0  0.75 0.9 0  0.775 0.9 0  0.8 0.9 0  0.825 0.9 0  0.85 0.9 0  0.875 0.9 0  0.9 0.9 0  0.925 0.9 0  0.95 0.9 0  0.975 0.9 0  1 0.9 0  0 0.925 0  0.025 0.925 0  0.05 0.925 0  0.075 0.925 0  0.1 0.925 0  0.125 0.925 0  0.15 0.925 0  0.175 0.925 0  0.2 0.925 0  0.225 0.925 0  0.25 0.925 0  0.275 0.925 0  0.3 0.925 0  0.325 0.925 0  0.35 0.925 0  0.375 0.925 0  0.4 0.925 0  0.425 0.925 0  0.45 0.925 0  0.475 0.925 0  0.5 0.925 0  0.525 0.925 0  0.55 0.925 0  0.575 0.925 0  0.6 0.925 0  0.625 0.925 0  0.65 0.925 0  0.675 0.925 0  0.7 0.925 0  0.725 0.925 0  0.75 0.925 0  0.775 0.925 0  0.8 0.925 0  0.825 0.925 0  0.85 0.925 0  0.875 0.925 0  0.9 0.925 0  0.925 0.925 0  0.95 0.925 0  0.975 0.925 0  1 0.925 0  0 0.95 0  0.025 0.95 0  0.05 0.95 0  0.075 0.95 0  0.1 0.95 0  0.125 0.95 0  0.15 0.95 0  0.175 0.95 0  0.2 0.95 0  0.225 0.95 0  0.25 0.95 0  0.275 0.95 0  0.3 0.95 0  0.325 0.95 0  0.35 0.95 0  0.375 0.95 0  0.4 0.95 0  0.425 0.95 0  0.45 0.95 0  0.475 0.95 0  0.5 0.95 0  0.525 0.95 0  0.55 0.95 0  0.575 0.95 0  0.6 0.95 0  0.625 0.95 0  0.65 0.95 0  0.675 0.95 0  0.7 0.95 0  0.725 0.95 0  0.75 0.95 0  0.775 0.95 0  0.8 0.95 0  0.825 0.95 0  0.85 0.95 0  0.875 0.95 0  0.9 0.95 0  0.925 0.95 0  0.95 0.95 0  0.975 0.95 0  1 0.95 0  0 0.975 0  0.025 0.975 0  0.05 0.975 0  0.075 0.975 0  0.1 0.975 0  0.125 0.975 0  0.15 0.975 0  0.175 0.975 0  0.2 0.975 0  0.225 0.975 0  0.25 0.975 0  0.275 0.975 0  0.3 0.975 0  0.325 0.975 0  0.35 0.975 0  0.375 0.975 0  0.4 0.975 0  0.425 0.975 0  0.45 0.975 0  0.475 0.975 0  0.5 0.975 0  0.525 0.975 0  0.55 0.975 0  0.575 0.975 0  0.6 0.975 0  0.625 0.975 0  0.65 0.975 0  0.675 0.975 0  0.7 0.975 0  0.725 0.975 0  0.75 0.975 0  0.775 0.975 0  0.8 0.975 0  0.825 0.975 0  0.85 0.975 0  0.875 0.975 0  0.9 0.975 0  0.925 0.975 0  0.95 0.975 0  0.975 0.975 0  1 0.975 0  0 1 0  0.025 1 0  0.05 1 0  0.075 1 0  0.1 1 0  0.125 1 0  0.15 1 0  0.175 1 0  0.2 1 0  0.225 1 0  0.25 1 0  0.275 1 0  0.3 1 0  0.325 1 0  0.35 1 0  0.375 1 0  0.4 1 0  0.425 1 0  0.45 1 0  0.475 1 0  0.5 1 0  0.525 1 0  0.55 1 0  0.575 1 0  0.6 1 0  0.625 1 0  0.65 1 0  0.675 1 0  0.7 1 0  0.725 1 0  0.75 1 0  0.775 1 0  0.8 1 0  0.825 1 0  0.85 1 0  0.875 1 0  0.9 1 0  0.925 1 0  0.95 1 0  0.975 1 0  1 1 0  </DataArray>
</Points>
<Cells>
<DataArray  type="UInt32"  Name="connectivity"  format="ascii">0 1 41  1 41 42  1 2 42  2 42 43  2 3 43  3 43 44  3 4 44  4 44 45  4 5 45  5 45 46  5 6 46  6 46 47  6 7 47  7 47 48  7 8 48  8 48 49  8 9 49  9 49 50  9 10 50  10 50 51  10 11 51  11 51 52  11 12 52  12 52 53  12 13 53  13 53 54  13 14 54  14 54 55  14 15 55  15 55 56  15 16 56  16 56 57  16 17 57  17 57 58  17 18 58  18 58 59  18 19 59  19 59 60  19 20 60  20 60 61  20 21 61  21 61 62  21 22 62  22 62 63  22 23 63  23 63 64  23 24 64  24 64 65  24 25 65  25 65 66  25 26 66  26 66 67  26 27 67  27 67 68  27 28 68  28 68 69  28 29 69  29 69 70  29 30 70  30 70 71  30 31 71  31 71 72  31 32 72  32 72 73  32 33 73  33 73 74  33 34 74  34 74 75  34 35 75  35 75 76  35 36 76  36 76 77  36 37 77  37 77 78  37 38 78  38 78 79  38 39 79  39 79 80  39 40 80  40 80 81  41 42 82  42 82 83  42 43 83  43 83 84  43 44 84  44 84 85  44 45 85  45 85 86  45 46 86  46 86 87  46 47 87  47 87 88  47 48 88  48 88 89  48 49 89  49 89 90  49 50 90  50 90 91  50 51 91  51 91 92  51 52 92  52 92 93  52 53 93  53 93 94  53 54 94  54 94 95  54 55 95  55 95 96  55 56 96  56 96 97  56 57 97  57 97 98  57 58 98  58 98 99  58 59 99  59 99 100  59 60 100  60 100 101  60 61 101  61 101 102  61 62 102  62 102 103  62 63 103  63 103 104  63 64 104  64 104 105  64 65 105  65 105 106  65 66 106  66 106 107  66 67 107  67 107 108  67 68 108  68 108 109  68 69 109  69 109 110  69 70 110  70 110 111  70 71 111  71 111 112  71 72 112  72 112 113  72 73 113  73 113 114  73 74 114  74 114 115  74 75 115  75 115 116  75 76 116  76 116 117  76 77 117  77 117 118  77 78 118  78 118 119  78 79 119  79 119 120  79 80 120  80 120 121  80 81 121  81 121 122  82 83 123  83 123 124  83 84 124  84 124 125  84 85 125  85 125 126  85 86 126  86 126 127  86 87 127  87 127 128  87 88 128  88 128 129  88 89 129  89 129 130  89 90 130  90 130 131  90 91 131  91 131 132  91 92 132  92 132 133  92 93 133  93 133 134  93 94 134  94 134 135  94 95 135  95 135 136  95 96 136  96 136 137  96 97 137  97 137 138  97 98 138  98 138 139  98 99 139  99 139 140  99 100 140  100 140 141  100 101 141  101 141 142  101 102 142  102 142 143  102 103 143  103 143 144  103 104 144  104 144 145  104 105 145  105 145 146  105 106 146  106 146 147  106 107 147  107 147 148  107 108 148  108 148 149  108 109 149  109 149 150  109 110 150  110 150 151  110 111 151  111 151 152  111 112 152  112 152 153  112 113 153  113 153 154  113 114 154  114 154 155  114 115 155  115 155 156  115 116 156  116 156 157  116 117 157  117 157 158  117 118 158  118 158 159  118 119 159  119 159 160  119 120 160  120 160 161  120 121 161  121 161 162  121 122 162  122 162 163  123 124 164  124 164 165  124 125 165  125 165 166  125 126 166  126 166 167  126 127 167  127 167 168  127 128 168  128 168 169  128 129 169  129 169 170  129 130 170  130 170 171  130 131 171  131 171 172  131 132 172  132 172 173  132 133 173  133 173 174  133 134 174  134 174 175  134 135 175  135 175 176  135 136 176  136 176 177  136 137 177  137 177 178  137 138 178  138 178 179  138 139 179  139 179 180  139 140 180  140 180 181  140 141 181  141 181 182  141 142 182  142 182 183  142 143 183  143 183 184  143 144 184  144 184 185  144 145 185  145 185 186  145 146 186  146 186 187  146 147 187  147 187 188  147 148 188  148 188 189  148 149 189  149 189 190  149 150 190  150 190 191  150 151 191  151 191 192  151 152 192  152 192 193  152 153 193  153 193 194  153 154 194  154 194 195  154 155 195  155 195 196  155 156 196  156 196 197  156 157 197  157 197 198  157 158 198  158 198 199  158 159 199  159 199 200  159 160 200  160 200 201  160 161 201  161 201 202  161 162 202  162 202 203  162 163 203  163 203 204  164 165 205  165 205 206  165 166 206  166 206 207  166 167 207  167 207 208  167 168 208  168 208 209  168 169 209  169 209 210  169 170 210  170 210 211  170 171 211  171 211 212  171 172 212  172 212 213  172 173 213  173 213 214  173 174 214  174 214 215  174 175 215  175 215 216  175 176 216  176 216 217  176 177 217  177 217 218  177 178 218  178 218 219  178 179 219  179 219 220  179 180 220  180 220 221  180 181 221  181 221 222  181 182 222  182 222 223  182 183 223  183 223 224  183 184 224  184 224 225  184 185 225  185 225 226  185 186 226  186 226 227  186 187 227  187 227 228  187 188 228  188 228 229  188 189 229  189 229 230  189 190 230  190 230 231  190 191 231  191 231 232  191 192 232  192 232 233  192 193 233  193 233 234  193 194 234  194 234 235  194 195 235  195 235 236  195 196 236  196 236 237  196 197 237  197 237 238  197 198 238  198 238 239  198 199 239  199 239 240  199 200 240  200 240 241  200 201 241  201 241 242  201 202 242  202 242 243  202 203 243  203 243 244  203 204 244  204 244 245  205 206 246  206 246 247  206 207 247  207 247 248  207 208 248  208 248 249  208 209 249  209 249 250  209 210 250  210 250 251  210 211 251  211 251 252  211 212 252  212 252 253  212 213 253  213 253 254  213 214 254  214 254 255  214 215 255  215 255 256  215 216 256  216 256 257  216 217 257  217 257 258  217 218 258  218 258 259  218 219 259  219 259 260  219 220 260  220 260 261  220 221 261  221 261 262  221 222 262  222 262 263  222 223 263  223 263 264  223 224 264  224 264 265  224 225 265  225 265 266  225 226 266  226 266 267  226 227 267  227 267 268  227 228 268  228 268 269  228 229 269  229 269 270  229 230 270  230 270 271  230 231 271  231 271 272  231 232 272  232 272 273  232 233 273  233 273 274  233 234 274  234 274 275  234 235 275  235 275 276  235 236 276  236 276 277  236 237 277  237 277 278  237 238 278  238 278 279  238 239 279  239 279 280  239 240 280  240 280 281  240 241 281  241 281 282  241 242 282  242 282 283  242 243 283  243 283 284  243 244 284  244 284 285  244 245 285  245 285 286  246 247 287  247 287 288  247 248 288  248 288 289  248 249 289  249 289 290  249 250 290  250 290 291  250 251 291  251 291 292  251 252 292  252 292 293  252 253 293  253 293 294  253 254 294  254 294 295  254 255 295  255 295 296  255 256 296  256 296 297  256 257 297  257 297 298  257 258 298  258 298 299  258 259 299  259 299 300  259 260 300  260 300 301  260 261 301  261 301 302  261 262 302  262 302 303  262 263 303  263 303 304  263 264 304  264 304 305  264 265 305  265 305 306  265 266 306  266 306 307  266 267 307  267 307 308  267 268 308  268 308 309  268 269 309  269 309 310  269 270 310  270 310 311  270 271 311  271 311 312  271 272 312  272 312 313  272 273 313  273 313 314  273 274 314  274 314 315  274 275 315  275 315 316  275 276 316  276 316 317  276 277 317  277 317 318  277 278 318  278 318 319  278 279 319  279 319 320  279 280 320  280 320 321  280 281 321  281 321 322  281 282 322  282 322 323  282 283 323  283 323 324  283 284 324  284 324 325  284 285 325  285 325 326  285 286 326  286 326 327  287 288 328  288 328 329  288 289 329  289 329 330  289 290 330  290 330 331  290 291 331  291 331 332  291 292 332  292 332 333  292 293 333  293 333 334  293 294 334  294 334 335  294 295 335  295 335 336  295 296 336  296 336 337  296 297 337  297 337 338  297 298 338  298 338 339  298 299 339  299 339 340  299 300 340  300 340 341  300 301 341  301 341 342  301 302 342  302 342 343  302 303 343  303 343 344  303 304 344  304 344 345  304 305 345  305 345 346  305 306 346  306 346 347  306 307 347  307 347 348  307 308 348  308 348 349  308 309 349  309 349 350  309 310 350  310 350 351  310 311 351  311 351 352  311 312 352  312 352 353  312 313 353  313 353 354  313 314 354  314 354 355  314 315 355  315 355 356  315 316 356  316 356 357  316 317 357  317 357 358  317 318 358  318 358 359  318 319 359  319 359 360  319 320 360  320 360 361  320 321 361  321 361 362  321 322 362  322 362 363  322 323 363  323 363 364  323 324 364  324 364 365  324 325 365  325 365 366  325 326 366  326 366 367  326 327 367  327 367 368  328 329 369  329 369 370  329 330 370  330 370 371  330 331 371  331 371 372  331 332 372  332 372 373  332 333 373  333 373 374  333 334 374  334 374 375  334 335 375  335 375 376  335 336 376  336 376 377  336 337 377  337 377 378  337 338 378  338 378 379  338 339 379  339 379 380  339 340 380  340 380 381  340 341 381  341 381 382  341 342 382  342 382 383  342 343 383  343 383 384  343 344 384  344 384 385  344 345 385  345 385 386  345 346 386  346 386 387  346 347 387  347 387 388  347 348 388  348 388 389  348 349 389  349 389 390  349 350 390  350 390 391  350 351 391  351 391 392  351 352 392  352 392 393  352 353 393  353 393 394  353 354 394  354 394 395  354 355 395  355 395 396  355 356 396  356 396 397  356 357 397  357 397 398  357 358 398  358 398 399  358 359 399  359 399 400  359 360 400  360 400 401  360 361 401  361 401 402  361 362 402  362 402 403  362 363 403  363 403 404  363 364 404  364 404 405  364 365 405  365 405 406  365 366 406  366 406 407  366 367 407  367 407 408  367 368 408  368 408 409  369 370 410  370 410 411  370 371 411  371 411 412  371 372 412  372 412 413  372 373 413  373 413 414  373 374 414  374 414 415  374 375 415  375 415 416  375 376 416  376 416 417  376 377 417  377 417 418  377 378 418  378 418 419  378 379 419  379 419 420  379 380 420  380 420 421  380 381 421  381 421 422  381 382 422  382 422 423  382 383 423  383 423 424  383 384 424  384 424 425  384 385 425  385 425 426  385 386 426  386 426 427  386 387 427  387 427 428  387 388 428  388 428 429  388 389 429  389 429 430  389 390 430  390 430 431  390 391 431  391 431 432  391 392 432  392 432 433  392 393 433  393 433 434  393 394 434  394 434 435  394 395 435  395 435 436  395 396 436  396 436 437  396 397 437  397 437 438  397 398 438  398 438 439  398 399 439  399 439 440  399 400 440  400 440 441  400 401 441  401 441 442  401 402 442  402 442 443  402 403 443  403 443 444  403 404 444  404 444 445  404 405 445  405 445 446  405 406 446  406 446 447  406 407 447  407 447 448  407 408 448  408 448 449  408 409 449  409 449 450  410 411 451  411 451 452  411 412 452  412 452 453  412 413 453  413 453 454  413 414 454  414 454 455  414 415 455  415 455 456  415 416 456  416 456 457  416 417 457  417 457 458  417 418 458  418 458 459  418 419 459  419 459 460  419 420 460  420 460 461  420 421 461  421 461 462  421 422 462  422 462 463  422 423 463  423 463 464  423 424 464  424 464 465  424 425 465  425 465 466  425 426 466  426 466 467  426 427 467  427 467 468  427 428 468  428 468 469  428 429 469  429 469 470  429 430 470  430 470 471  430 431 471  431 471 472  431 432 472  432 472 473  432 433 473  433 473 474  433 434 474  434 474 475  434 435 475  435 475 476  435 436 476  436 476 477  436 437 477  437 477 478  437 438 478  438 478 479  438 439 479  439 479 480  439 440 480  440 480 481  440 441 481  441 481 482  441 442 482  442 482 483  442 443 483  443 483 484  443 444 484  444 484 485  444 445 485  445 485 486  445 446 486  446 486 487  446 447 487  447 487 488  447 448 488  448 488 489  448 449 489  449 489 490  449 450 490  450 490 491  451 452 492  452 492 493  452 453 493  453 493 494  453 454 494  454 494 495  454 455 495  455 495 496  455 456 496  456 496 497  456 457 497  457 497 498  457 458 498  458 498 499  458 459 499  459 499 500  459 460 500  460 500 501  460 461 501  461 501 502  461 462 502  462 502 503  462 463 503  463 503 504  463 464 504  464 504 505  464 465 505  465 505 506  465 466 506  466 506 507  466 467 507  467 507 508  467 468 508  468 508 509  468 469 509  469 509 510  469 470 510  470 510 511  470 471 511  471 511 512  471 472 512  472 512 513  472 473 513  473 513 514  473 474 514  474 514 515  474 475 515  475 515 516  475 476 516  476 516 517  476 477 517  477 517 518  477 478 518  478 518 519  478 479 519  479 519 520  479 480 520  480 520 521  480 481 521  481 521 522  481 482 522  482 522 523  482 483 523  483 523 524  483 484 524  484 524 525  484 485 525  485 525 526  485 486 526  486 526 527  486 487 527  487 527 528  487 488 528  488 528 529  488 489 529  489 529 530  489 490 530  490 530 531  490 491 531  491 531 532  492 493 533  493 533 534  493 494 534  494 534 535  494 495 535  495 535 536  495 496 536  496 536 537  496 497 537  497 537 538  497 498 538  498 538 539  498 499 539  499 539 540  499 500 540  500 540 541  500 501 541  501 541 542  501 502 542  502 542 543  502 503 543  503 543 544  503 504 544  504 544 545  504 505 545  505 545 546  505 506 546  506 546 547  506 507 547  507 547 548  507 508 548  508 548 549  508 509 549  509 549 550  509 510 550  510 550 551  510 511 551  511 551 552  511 512 552  512 552 553  512 513 553  513 553 554  513 514 554  514 554 555  514 515 555  515 555 556  515 516 556  516 556 557  516 517 557  517 557 558  517 518 558  518 558 559  518 519 559  519 559 560  519 520 560  520 560 561  520 521 561  521 561 562  521 522 562  522 562 563  522 523 563  523 563 564  523 524 564  524 564 565  524 525 565  525 565 566  525 526 566  526 566 567  526 527 567  527 567 568  527 528 568  528 568 569  528 529 569  529 569 570  529 530 570  530 570 571  530 531 571  531 571 572  531 532 572  532 572 573  533 534 574  534 574 575  534 535 575  535 575 576  535 536 576  536 576 577  536 537 577  537 577 578  537 538 578  538 578 579  538 539 579  539 579 580  539 540 580  540 580 581  540 541 581  541 581 582  541 542 582  542 582 583  542 543 583  543 583 584  543 544 584  544 584 585  544 545 585  545 585 586  545 546 586  546 586 587  546 547 587  547 587 588  547 548 588  548 588 589  548 549 589  549 589 590  549 550 590  550 590 591  550 551 591  551 591 592  551 552 592  552 592 593  552 553 593  553 593 594  553 554 594  554 594 595  554 555 595  555 595 596  555 556 596  556 596 597  556 557 597  557 597 598  557 558 598  558 598 599  558 559 599  559 599 600  559 560 600  560 600 601  560 561 601  561 601 602  561 562 602  562 602 603  562 563 603  563 603 604  563 564 604  564 604 605  564 565 605  565 605 606  565 566 606  566 606 607  566 567 607  567 607 608  567 568 608  568 608 609  568 569 609  569 609 610  569 570 610  570 610 611  570 571 611  571 611 612  571 572 612  572 612 613  572 573 613  573 613 614  574 575 615  575 615 616  575 576 616  576 616 617  576 577 617  577 617 618  577 578 618  578 618 619  578 579 619  579 619 620  579 580 620  580 620 621  580 581 621  581 621 622  581 582 622  582 622 623  582 583 623  583 623 624  583 584 624  584 624 625  584 585 625  585 625 626  585 586 626  586 626 627  586 587 627  587 627 628  587 588 628  588 628 629  588 589 629  589 629 630  589 590 630  590 630 631  590 591 631  591 631 632  591 592 632  592 632 633  592 593 633  593 633 634  593 594 634  594 634 635  594 595 635  595 635 636  595 596 636  596 636 637  596 597 637  597 637 638  597 598 638  598 638 639  598 599 639  599 639 640  599 600 640  600 640 641  600 601 641  601 641 642  601 602 642  602 642 643  602 603 643  603 643 644  603 604 644  604 644 645  604 605 645  605 645 646  605 606 646  606 646 647  606 607 647  607 647 648  607 608 648  608 648 649  608 609 649  609 649 650  609 610 650  610 650 651  610 611 651  611 651 652  611 612 652  612 652 653  612 613 653  613 653 654  613 614 654  614 654 655  615 616 656  616 656 657  616 617 657  617 657 658  617 618 658  618 658 659  618 619 659  619 659 660  619 620 660  620 660 661  620 621 661  621 661 662  621 622 662  622 662 663  622 623 663  623 663 664  623 624 664  624 664 665  624 625 665  625 665 666  625 626 666  626 666 667  626 627 667  627 667 668  627 628 668  628 668 669  628 629 669  629 669 670  629 630 670  630 670 671  630 631 671  631 671 672  631 632 672  632 672 673  632 633 673  633 673 674  633 634 674  634 674 675  634 635 675  635 675 676  635 636 676  636 676 677  636 637 677  637 677 678  637 638 678  638 678 679  638 639 679  639 679 680  639 640 680  640 680 681  640 641 681  641 681 682  641 642 682  642 682 683  642 643 683  643 683 684  643 644 684  644 684 685  644 645 685  645 685 686  645 646 686  646 686 687  646 647 687  647 687 688  647 648 688  648 688 689  648 649 689  649 689 690  649 650 690  650 690 691  650 651 691  651 691 692  651 652 692  652 692 693  652 653 693  653 693 694  653 654 694  654 694 695  654 655 695  655 695 696  656 657 697  657 697 698  657 658 698  658 698 699  658 659 699  659 699 700  659 660 700  660 700 701  660 661 701  661 701 702  661 662 702  662 702 703  662 663 703  663 703 704  663 664 704  664 704 705  664 665 705  665 705 706  665 666 706  666 706 707  666 667 707  667 707 708  667 668 708  668 708 709  668 669 709  669 709 710  669 670 710  670 710 711  670 671 711  671 711 712  671 672 712  672 712 713  672 673 713  673 713 714  673 674 714  674 714 715  674 675 715  675 715 716  675 676 716  676 716 717  676 677 717  677 717 718  677 678 718  678 718 719  678 679 719  679 719 720  679 680 720  680 720 721  680 681 721  681 721 722  681 682 722  682 722 723  682 683 723  683 723 724  683 684 724  684 724 725  684 685 725  685 725 726  685 686 726  686 726 727  686 687 727  687 727 728  687 688 728  688 728 729  688 689 729  689 729 730  689 690 730  690 730 731  690 691 731  691 731 732  691 692 732  692 732 733  692 693 733  693 733 734  693 694 734  694 734 735  694 695 735  695 735 736  695 696 736  696 736 737  697 698 738  698 738 739  698 699 739  699 739 740  699 700 740  700 740 741  700 701 741  701 741 742  701 702 742  702 742 743  702 703 743  703 743 744  703 704 744  704 744 745  704 705 745  705 745 746  705 706 746  706 746 747  706 707 747  707 747 748  707 708 748  708 748 749  708 709 749  709 749 750  709 710 750  710 750 751  710 711 751  711 751 752  711 712 752  712 752 753  712 713 753  713 753 754  713 714 754  714 754 755  714 715 755  715 755 756  715 716 756  716 756 757  716 717 757  717 757 758  717 718 758  718 758 759  718 719 759  719 759 760  719 720 760  720 760 761  720 721 761  721 761 762  721 722 762  722 762 763  722 723 763  723 763 764  723 724 764  724 764 765  724 725 765  725 765 766  725 726 766  726 766 767  726 727 767  727 767 768  727 728 768  728 768 769  728 729 769  729 769 770  729 730 770  730 770 771  730 731 771  731 771 772  731 732 772  732 772 773  732 733 773  733 773 774  733 734 774  734 774 775  734 735 775  735 775 776  735 736 776  736 776 777  736 737 777  737 777 778  738 739 779  739 779 780  739 740 780  740 780 781  740 741 781  741 781 782  741 742 782  742 782 783  742 743 783  743 783 784  743 744 784  744 784 785  744 745 785  745 785 786  745 746 786  746 786 787  746 747 787  747 787 788  747 748 788  748 788 789  748 749 789  749 789 790  749 750 790  750 790 791  750 751 791  751 791 792  751 752 792  752 792 793  752 753 793  753 793 794  753 754 794  754 794 795  754 755 795  755 795 796  755 756 796  756 796 797  756 757 797  757 797 798  757 758 798  758 798 799  758 759 799  759 799 800  759 760 800  760 800 801  760 761 801  761 801 802  761 762 802  762 802 803  762 763 803  763 803 804  763 764 804  764 804 805  764 765 805  765 805 806  765 766 806  766 806 807  766 767 807  767 807 808  767 768 808  768 808 809  768 769 809  769 809 810  769 770 810  770 810 811  770 771 811  771 811 812  771 772 812  772 812 813  772 773 813  773 813 814  773 774 814  774 814 815  774 775 815  775 815 816  775 776 816  776 816 817  776 777 817  777 817 818  777 778 818  778 818 819  779 780 820  780 820 821  780 781 821  781 821 822  781 782 822  782 822 823  782 783 823  783 823 824  783 784 824  784 824 825  784 785 825  785 825 826  785 786 826  786 826 827  786 787 827  787 827 828  787 788 828  788 828 829  788 789 829  789 829 830  789 790 830  790 830 831  790 791 831  791 831 832  791 792 832  792 832 833  792 793 833  793 833 834  793 794 834  794 834 835  794 795 835  795 835 836  795 796 836  796 836 837  796 797 837  797 837 838  797 798 838  798 838 839  798 799 839  799 839 840  799 800 840  800 840 841  800 801 841  801 841 842  801 802 842  802 842 843  802 803 843  803 843 844  803 804 844  804 844 845  804 805 845  805 845 846  805 806 846  806 846 847  806 807 847  807 847 848  807 808 848  808 848 849  808 809 849  809 849 850  809 810 850  810 850 851  810 811 851  811 851 852  811 812 852  812 852 853  812 813 853  813 853 854  813 814 854  814 854 855  814 815 855  815 855 856  815 816 856  816 856 857  816 817 857  817 857 858  817 818 858  818 858 859  818 819 859  819 859 860  820 821 861  821 861 862  821 822 862  822 862 863  822 823 863  823 863 864  823 824 864  824 864 865  824 825 865  825 865 866  825 826 866  826 866 867  826 827 867  827 867 868  827 828 868  828 868 869  828 829 869  829 869 870  829 830 870  830 870 871  830 831 871  831 871 872  831 832 872  832 872 873  832 833 873  833 873 874  833 834 874  834 874 875  834 835 875  835 875 876  835 836 876  836 876 877  836 837 877  837 877 878  837 838 878  838 878 879  838 839 879  839 879 880  839 840 880  840 880 881  840 841 881  841 881 882  841 842 882  842 882 883  842 843 883  843 883 884  843 844 884  844 884 885  844 845 885  845 885 886  845 846 886  846 886 887  846 847 887  847 887 888  847 848 888  848 888 889  848 849 889  849 889 890  849 850 890  850 890 891  850 851 891  851 891 892  851 852 892  852 892 893  852 853 893  853 893 894  853 854 894  854 894 895  854 855 895  855 895 896  855 856 896  856 896 897  856 857 897  857 897 898  857 858 898  858 898 899  858 859 899  859 899 900  859 860 900  860 900 901  861 862 902  862 902 903  862 863 903  863 903 904  863 864 904  864 904 905  864 865 905  865 905 906  865 866 906  866 906 907  866 867 907  867 907 908  867 868 908  868 908 909  868 869 909  869 909 910  869 870 910  870 910 911  870 871 911  871 911 912  871 872 912  872 912 913  872 873 913  873 913 914  873 874 914  874 914 915  874 875 915  875 915 916  875 876 916  876 916 917  876 877 917  877 917 918  877 878 918  878 918 919  878 879 919  879 919 920  879 880 920  880 920 921  880 881 921  881 921 922  881 882 922  882 922 923  882 883 923  883 923 924  883 884 924  884 924 925  884 885 925  885 925 926  885 886 926  886 926 927  886 887 927  887 927 928  887 888 928  888 928 929  888 889 929  889 929 930  889 890 930  890 930 931  890 891 931  891 931 932  891 892 932  892 932 933  892 893 933  893 933 934  893 894 934  894 934 935  894 895 935  895 935 936  895 896 936  896 936 937  896 897 937  897 937 938  897 898 938  898 938 939  898 899 939  899 939 940  899 900 940  900 940 941  900 901 941  901 941 942  902 903 943  903 943 944  903 904 944  904 944 945  904 905 945  905 945 946  905 906 946  906 946 947  906 907 947  907 947 948  907 908 948  908 948 949  908 909 949  909 949 950  909 910 950  910 950 951  910 911 951  911 951 952  911 912 952  912 952 953  912 913 953  913 953 954  913 914 954  914 954 955  914 915 955  915 955 956  915 916 956  916 956 957  916 917 957  917 957 958  917 918 958  918 958 959  918 919 959  919 959 960  919 920 960  920 960 961  920 921 961  921 961 962  921 922 962  922 962 963  922 923 963  923 963 964  923 924 964  924 964 965  924 925 965  925 965 966  925 926 966  926 966 967  926 927 967  927 967 968  927 928 968  928 968 969  928 929 969  929 969 970  929 930 970  930 970 971  930 931 971  931 971 972  931 932 972  932 972 973  932 933 973  933 973 974  933 934 974  934 974 975  934 935 975  935 975 976  935 936 976  936 976 977  936 937 977  937 977 978  937 938 978  938 978 979  938 939 979  939 979 980  939 940 980  940 980 981  940 941 981  941 981 982  941 942 982  942 982 983  943 944 984  944 984 985  944 945 985  945 985 986  945 946 986  946 986 987  946 947 987  947 987 988  947 948 988  948 988 989  948 949 989  949 989 990  949 950 990  950 990 991  950 951 991  951 991 992  951 952 992  952 992 993  952 953 993  953 993 994  953 954 994  954 994 995  954 955 995  955 995 996  955 956 996  956 996 997  956 957 997  957 997 998  957 958 998  958 998 999  958 959 999  959 999 1000  959 960 1000  960 1000 1001  960 961 1001  961 1001 1002  961 962 1002  962 1002 1003  962 963 1003  963 1003 1004  963 964 1004  964 1004 1005  964 965 1005  965 1005 1006  965 966 1006  966 1006 1007  966 967 1007  967 1007 1008  967 968 1008  968 1008 1009  968 969 1009  969 1009 1010  969 970 1010  970 1010 1011  970 971 1011  971 1011 1012  971 972 1012  972 1012 1013  972 973 1013  973 1013 1014  973 974 1014  974 1014 1015  974 975 1015  975 1015 1016  975 976 1016  976 1016 1017  976 977 1017  977 1017 1018  977 978 1018  978 1018 1019  978 979 1019  979 1019 1020  979 980 1020  980 1020 1021  980 981 1021  981 1021 1022  981 982 1022  982 1022 1023  982 983 1023  983 1023 1024  984 985 1025  985 1025 1026  985 986 1026  986 1026 1027  986 987 1027  987 1027 1028  987 988 1028  988 1028 1029  988 989 1029  989 1029 1030  989 990 1030  990 1030 1031  990 991 1031  991 1031 1032  991 992 1032  992 1032 1033  992 993 1033  993 1033 1034  993 994 1034  994 1034 1035  994 995 1035  995 1035 1036  995 996 1036  996 1036 1037  996 997 1037  997 1037 1038  997 998 1038  998 1038 1039  998 999 1039  999 1039 1040  999 1000 1040  1000 1040 1041  1000 1001 1041  1001 1041 1042  1001 1002 1042  1002 1042 1043  1002 1003 1043  1003 1043 1044  1003 1004 1044  1004 1044 1045  1004 1005 1045  1005 1045 1046  1005 1006 1046  1006 1046 1047  1006 1007 1047  1007 1047 1048  1007 1008 1048  1008 1048 1049  1008 1009 1049  1009 1049 1050  1009 1010 1050  1010 1050 1051  1010 1011 1051  1011 1051 1052  1011 1012 1052  1012 1052 1053  1012 1013 1053  1013 1053 1054  1013 1014 1054  1014 1054 1055  1014 1015 1055  1015 1055 1056  1015 1016 1056  1016 1056 1057  1016 1017 1057  1017 1057 1058  1017 1018 1058  1018 1058 1059  1018 1019 1059  1019 1059 1060  1019 1020 1060  1020 1060 1061  1020 1021 1061  1021 1061 1062  1021 1022 1062  1022 1062 1063  1022 1023 1063  1023 1063 1064  1023 1024 1064  1024 1064 1065  1025 1026 1066  1026 1066 1067  1026 1027 1067  1027 1067 1068  1027 1028 1068  1028 1068 1069  1028 1029 1069  1029 1069 1070  1029 1030 1070  1030 1070 1071  1030 1031 1071  1031 1071 1072  1031 1032 1072  1032 1072 1073  1032 1033 1073  1033 1073 1074  1033 1034 1074  1034 1074 1075  1034 1035 1075  1035 1075 1076  1035 1036 1076  1036 1076 1077  1036 1037 1077  1037 1077 1078  1037 1038 1078  1038 1078 1079  1038 1039 1079  1039 1079 1080  1039 1040 1080  1040 1080 1081  1040 1041 1081  1041 1081 1082  1041 1042 1082  1042 1082 1083  1042 1043 1083  1043 1083 1084  1043 1044 1084  1044 1084 1085  1044 1045 1085  1045 1085 1086  1045 1046 1086  1046 1086 1087  1046 1047 1087  1047 1087 1088  1047 1048 1088  1048 1088 1089  1048 1049 1089  1049 1089 1090  1049 1050 1090  1050 1090 1091  1050 1051 1091  1051 1091 1092  1051 1052 1092  1052 1092 1093  1052 1053 1093  1053 1093 1094  1053 1054 1094  1054 1094 1095  1054 1055 1095  1055 1095 1096  1055 1056 1096  1056 1096 1097  1056 1057 1097  1057 1097 1098  1057 1058 1098  1058 1098 1099  1058 1059 1099  1059 1099 1100  1059 1060 1100  1060 1100 1101  1060 1061 1101  1061 1101 1102  1061 1062 1102  1062 1102 1103  1062 1063 1103  1063 1103 1104  1063 1064 1104  1064 1104 1105  1064 1065 1105  1065 1105 1106  1066 1067 1107  1067 1107 1108  1067 1068 1108  1068 1108 1109  1068 1069 1109  1069 1109 1110  1069 1070 1110  1070 1110 1111  1070 1071 1111  1071 1111 1112  1071 1072 1112  1072 1112 1113  1072 1073 1113  1073 1113 1114  1073 1074 1114  1074 1114 1115  1074 1075 1115  1075 1115 1116  1075 1076 1116  1076 1116 1117  1076 1077 1117  1077 1117 1118  1077 1078 1118  1078 1118 1119  1078 1079 1119  1079 1119 1120  1079 1080 1120  1080 1120 1121  1080 1081 1121  1081 1121 1122  1081 1082 1122  1082 1122 1123  1082 1083 1123  1083 1123 1124  1083 1084 1124  1084 1124 1125  1084 1085 1125  1085 1125 1126  1085 1086 1126  1086 1126 1127  1086 1087 1127  1087 1127 1128  1087 1088 1128  1088 1128 1129  1088 1089 1129  1089 1129 1130  1089 1090 1130  1090 1130 1131  1090 1091 1131  1091 1131 1132  1091 1092 1132  1092 1132 1133  1092 1093 1133  1093 1133 1134  1093 1094 1134  1094 1134 1135  1094 1095 1135  1095 1135 1136  1095 1096 1136  1096 1136 1137  1096 1097 1137  1097 1137 1138  1097 1098 1138  1098 1138 1139  1098 1099 1139  1099 1139 1140  1099 1100 1140  1100 1140 1141  1100 1101 1141  1101 1141 1142  1101 1102 1142  1102 1142 1143  1102 1103 1143  1103 1143 1144  1103 1104 1144  1104 1144 1145  1104 1105 1145  1105 1145 1146  1105 1106 1146  1106 1146 1147  1107 1108 1148  1108 1148 1149  1108 1109 1149  1109 1149 1150  1109 1110 1150  1110 1150 1151  1110 1111 1151  1111 1151 1152  1111 1112 1152  1112 1152 1153  1112 1113 1153  1113 1153 1154  1113 1114 1154  1114 1154 1155  1114 1115 1155  1115 1155 1156  1115 1116 1156  1116 1156 1157  1116 1117 1157  1117 1157 1158  1117 1118 1158  1118 1158 1159  1118 1119 1159  1119 1159 1160  1119 1120 1160  1120 1160 1161  1120 1121 1161  1121 1161 1162  1121 1122 1162  1122 1162 1163  1122 1123 1163  1123 1163 1164  1123 1124 1164  1124 1164 1165  1124 1125 1165  1125 1165 1166  1125 1126 1166  1126 1166 1167  1126 1127 1167  1127 1167 1168  1127 1128 1168  1128 1168 1169  1128 1129 1169  1129 1169 1170  1129 1130 1170  1130 1170 1171  1130 1131 1171  1131 1171 1172  1131 1132 1172  1132 1172 1173  1132 1133 1173  1133 1173 1174  1133 1134 1174  1134 1174 1175  1134 1135 1175  1135 1175 1176  1135 1136 1176  1136 1176 1177  1136 1137 1177  1137 1177 1178  1137 1138 1178  1138 1178 1179  1138 1139 1179  1139 1179 1180  1139 1140 1180  1140 1180 1181  1140 1141 1181  1141 1181 1182  1141 1142 1182  1142 1182 1183  1142 1143 1183  1143 1183 1184  1143 1144 1184  1144 1184 1185  1144 1145 1185  1145 1185 1186  1145 1146 1186  1146 1186 1187  1146 1147 1187  1147 1187 1188  1148 1149 1189  1149 1189 1190  1149 1150 1190  1150 1190 1191  1150 1151 1191  1151 1191 1192  1151 1152 1192  1152 1192 1193  1152 1153 1193  1153 1193 1194  1153 1154 1194  1154 1194 1195  1154 1155 1195  1155 1195 1196  1155 1156 1196  1156 1196 1197  1156 1157 1197  1157 1197 1198  1157 1158 1198  1158 1198 1199  1158 1159 1199  1159 1199 1200  1159 1160 1200  1160 1200 1201  1160 1161 1201  1161 1201 1202  1161 1162 1202  1162 1202 1203  1162 1163 1203  1163 1203 1204  1163 1164 1204  1164 1204 1205  1164 1165 1205  1165 1205 1206  1165 1166 1206  1166 1206 1207  1166 1167 1207  1167 1207 1208  1167 1168 1208  1168 1208 1209  1168 1169 1209  1169 1209 1210  1169 1170 1210  1170 1210 1211  1170 1171 1211  1171 1211 1212  1171 1172 1212  1172 1212 1213  1172 1173 1213  1173 1213 1214  1173 1174 1214  1174 1214 1215  1174 1175 1215  1175 1215 1216  1175 1176 1216  1176 1216 1217  1176 1177 1217  1177 1217 1218  1177 1178 1218  1178 1218 1219  1178 1179 1219  1179 1219 1220  1179 1180 1220  1180 1220 1221  1180 1181 1221  1181 1221 1222  1181 1182 1222  1182 1222 1223  1182 1183 1223  1183 1223 1224  1183 1184 1224  1184 1224 1225  1184 1185 1225  1185 1225 1226  1185 1186 1226  1186 1226 1227  1186 1187 1227  1187 1227 1228  1187 1188 1228  1188 1228 1229  1189 1190 1230  1190 1230 1231  1190 1191 1231  1191 1231 1232  1191 1192 1232  1192 1232 1233  1192 1193 1233  1193 1233 1234  1193 1194 1234  1194 1234 1235  1194 1195 1235  1195 1235 1236  1195 1196 1236  1196 1236 1237  1196 1197 1237  1197 1237 1238  1197 1198 1238  1198 1238 1239  1198 1199 1239  1199 1239 1240  1199 1200 1240  1200 1240 1241  1200 1201 1241  1201 1241 1242  1201 1202 1242  1202 1242 1243  1202 1203 1243  1203 1243 1244  1203 1204 1244  1204 1244 1245  1204 1205 1245  1205 1245 1246  1205 1206 1246  1206 1246 1247  1206 1207 1247  1207 1247 1248  1207 1208 1248  1208 1248 1249  1208 1209 1249  1209 1249 1250  1209 1210 1250  1210 1250 1251  1210 1211 1251  1211 1251 1252  1211 1212 1252  1212 1252 1253  1212 1213 1253  1213 1253 1254  1213 1214 1254  1214 1254 1255  1214 1215 1255  1215 1255 1256  1215 1216 1256  1216 1256 1257  1216 1217 1257  1217 1257 1258  1217 1218 1258  1218 1258 1259  1218 1219 1259  1219 1259 1260  1219 1220 1260  1220 1260 1261  1220 1221 1261  1221 1261 1262  1221 1222 1262  1222 1262 1263  1222 1223 1263  1223 1263 1264  1223 1224 1264  1224 1264 1265  1224 1225 1265  1225 1265 1266  1225 1226 1266  1226 1266 1267  1226 1227 1267  1227 1267 1268  1227 1228 1268  1228 1268 1269  1228 1229 1269  1229 1269 1270  1230 1231 1271  1231 1271 1272  1231 1232 1272  1232 1272 1273  1232 1233 1273  1233 1273 1274  1233 1234 1274  1234 1274 1275  1234 1235 1275  1235 1275 1276  1235 1236 1276  1236 1276 1277  1236 1237 1277  1237 1277 1278  1237 1238 1278  1238 1278 1279  1238 1239 1279  1239 1279 1280  1239 1240 1280  1240 1280 1281  1240 1241 1281  1241 1281 1282  1241 1242 1282  1242 1282 1283  1242 1243 1283  1243 1283 1284  1243 1244 1284  1244 1284 1285  1244 1245 1285  1245 1285 1286  1245 1246 1286  1246 1286 1287  1246 1247 1287  1247 1287 1288  1247 1248 1288  1248 1288 1289  1248 1249 1289  1249 1289 1290  1249 1250 1290  1250 1290 1291  1250 1251 1291  1251 1291 1292  1251 1252 1292  1252 1292 1293  1252 1253 1293  1253 1293 1294  1253 1254 1294  1254 1294 1295  1254 1255 1295  1255 1295 1296  1255 1256 1296  1256 1296 1297  1256 1257 1297  1257 1297 1298  1257 1258 1298  1258 1298 1299  1258 1259 1299  1259 1299 1300  1259 1260 1300  1260 1300 1301  1260 1261 1301  1261 1301 1302  1261 1262 1302  1262 1302 1303  1262 1263 1303  1263 1303 1304  1263 1264 1304  1264 1304 1305  1264 1265 1305  1265 1305 1306  1265 1266 1306  1266 1306 1307  1266 1267 1307  1267 1307 1308  1267 1268 1308  1268 1308 1309  1268 1269 1309  1269 1309 1310  1269 1270 1310  1270 1310 1311  1271 1272 1312  1272 1312 1313  1272 1273 1313  1273 1313 1314  1273 1274 1314  1274 1314 1315  1274 1275 1315  1275 1315 1316  1275 1276 1316  1276 1316 1317  1276 1277 1317  1277 1317 1318  1277 1278 1318  1278 1318 1319  1278 1279 1319  1279 1319 1320  1279 1280 1320  1280 1320 1321  1280 1281 1321  1281 1321 1322  1281 1282 1322  1282 1322 1323  1282 1283 1323  1283 1323 1324  1283 1284 1324  1284 1324 1325  1284 1285 1325  1285 1325 1326  1285 1286 1326  1286 1326 1327  1286 1287 1327  1287 1327 1328  1287 1288 1328  1288 1328 1329  1288 1289 1329  1289 1329 1330  1289 1290 1330  1290 1330 1331  1290 1291 1331  1291 1331 1332  1291 1292 1332  1292 1332 1333  1292 1293 1333  1293 1333 1334  1293 1294 1334  1294 1334 1335  1294 1295 1335  1295 1335 1336  1295 1296 1336  1296 1336 1337  1296 1297 1337  1297 1337 1338  1297 1298 1338  1298 1338 1339  1298 1299 1339  1299 1339 1340  1299 1300 1340  1300 1340 1341  1300 1301 1341  1301 1341 1342  1301 1302 1342  1302 1342 1343  1302 1303 1343  1303 1343 1344  1303 1304 1344  1304 1344 1345  1304 1305 1345  1305 1345 1346  1305 1306 1346  1306 1346 1347  1306 1307 1347  1307 1347 1348  1307 1308 1348  1308 1348 1349  1308 1309 1349  1309 1349 1350  1309 1310 1350  1310 1350 1351  1310 1311 1351  1311 1351 1352  1312 1313 1353  1313 1353 1354  1313 1314 1354  1314 1354 1355  1314 1315 1355  1315 1355 1356  1315 1316 1356  1316 1356 1357  1316 1317 1357  1317 1357 1358  1317 1318 1358  1318 1358 1359  1318 1319 1359  1319 1359 1360  1319 1320 1360  1320 1360 1361  1320 1321 1361  1321 1361 1362  1321 1322 1362  1322 1362 1363  1322 1323 1363  1323 1363 1364  1323 1324 1364  1324 1364 1365  1324 1325 1365  1325 1365 1366  1325 1326 1366  1326 1366 1367  1326 1327 1367  1327 1367 1368  1327 1328 1368  1328 1368 1369  1328 1329 1369  1329 1369 1370  1329 1330 1370  1330 1370 1371  1330 1331 1371  1331 1371 1372  1331 1332 1372  1332 1372 1373  1332 1333 1373  1333 1373 1374  1333 1334 1374  1334 1374 1375  1334 1335 1375  1335 1375 1376  1335 1336 1376  1336 1376 1377  1336 1337 1377  1337 1377 1378  1337 1338 1378  1338 1378 1379  1338 1339 1379  1339 1379 1380  1339 1340 1380  1340 1380 1381  1340 1341 1381  1341 1381 1382  1341 1342 1382  1342 1382 1383  1342 1343 1383  1343 1383 1384  1343 1344 1384  1344 1384 1385  1344 1345 1385  1345 1385 1386  1345 1346 1386  1346 1386 1387  1346 1347 1387  1347 1387 1388  1347 1348 1388  1348 1388 1389  1348 1349 1389  1349 1389 1390  1349 1350 1390  1350 1390 1391  1350 1351 1391  1351 1391 1392  1351 1352 1392  1352 1392 1393  1353 1354 1394  1354 1394 1395  1354 1355 1395  1355 1395 1396  1355 1356 1396  1356 1396 1397  1356 1357 1397  1357 1397 1398  1357 1358 1398  1358 1398 1399  1358 1359 1399  1359 1399 1400  1359 1360 1400  1360 1400 1401  1360 1361 1401  1361 1401 1402  1361 1362 1402  1362 1402 1403  1362 1363 1403  1363 1403 1404  1363 1364 1404  1364 1404 1405  1364 1365 1405  1365 1405 1406  1365 1366 1406  1366 1406 1407  1366 1367 1407  1367 1407 1408  1367 1368 1408  1368 1408 1409  1368 1369 1409  1369 1409 1410  1369 1370 1410  1370 1410 1411  1370 1371 1411  1371 1411 1412  1371 1372 1412  1372 1412 1413  1372 1373 1413  1373 1413 1414  1373 1374 1414  1374 1414 1415  1374 1375 1415  1375 1415 1416  1375 1376 1416  1376 1416 1417  1376 1377 1417  1377 1417 1418  1377 1378 1418  1378 1418 1419  1378 1379 1419  1379 1419 1420  1379 1380 1420  1380 1420 1421  1380 1381 1421  1381 1421 1422  1381 1382 1422  1382 1422 1423  1382 1383 1423  1383 1423 1424  1383 1384 1424  1384 1424 1425  1384 1385 1425  1385 1425 1426  1385 1386 1426  1386 1426 1427  1386 1387 1427  1387 1427 1428  1387 1388 1428  1388 1428 1429  1388 1389 1429  1389 1429 1430  1389 1390 1430  1390 1430 1431  1390 1391 1431  1391 1431 1432  1391 1392 1432  1392 1432 1433  1392 1393 1433  1393 1433 1434  1394 1395 1435  1395 1435 1436  1395 1396 1436  1396 1436 1437  1396 1397 1437  1397 1437 1438  1397 1398 1438  1398 1438 1439  1398 1399 1439  1399 1439 1440  1399 1400 1440  1400 1440 1441  1400 1401 1441  1401 1441 1442  1401 1402 1442  1402 1442 1443  1402 1403 1443  1403 1443 1444  1403 1404 1444  1404 1444 1445  1404 1405 1445  1405 1445 1446  1405 1406 1446  1406 1446 1447  1406 1407 1447  1407 1447 1448  1407 1408 1448  1408 1448 1449  1408 1409 1449  1409 1449 1450  1409 1410 1450  1410 1450 1451  1410 1411 1451  1411 1451 1452  1411 1412 1452  1412 1452 1453  1412 1413 1453  1413 1453 1454  1413 1414 1454  1414 1454 1455  1414 1415 1455  1415 1455 1456  1415 1416 1456  1416 1456 1457  1416 1417 1457  1417 1457 1458  1417 1418 1458  1418 1458 1459  1418 1419 1459  1419 1459 1460  1419 1420 1460  1420 1460 1461  1420 1421 1461  1421 1461 1462  1421 1422 1462  1422 1462 1463  1422 1423 1463  1423 1463 1464  1423 1424 1464  1424 1464 1465  1424 1425 1465  1425 1465 1466  1425 1426 1466  1426 1466 1467  1426 1427 1467  1427 1467 1468  1427 1428 1468  1428 1468 1469  1428 1429 1469  1429 1469 1470  1429 1430 1470  1430 1470 1471  1430 1431 1471  1431 1471 1472  1431 1432 1472  1432 1472 1473  1432 1433 1473  1433 1473 1474  1433 1434 1474  1434 1474 1475  1435 1436 1476  1436 1476 1477  1436 1437 1477  1437 1477 1478  1437 1438 1478  1438 1478 1479  1438 1439 1479  1439 1479 1480  1439 1440 1480  1440 1480 1481  1440 1441 1481  1441 1481 1482  1441 1442 1482  1442 1482 1483  1442 1443 1483  1443 1483 1484  1443 1444 1484  1444 1484 1485  1444 1445 1485  1445 1485 1486  1445 1446 1486  1446 1486 1487  1446 1447 1487  1447 1487 1488  1447 1448 1488  1448 1488 1489  1448 1449 1489  1449 1489 1490  1449 1450 1490  1450 1490 1491  1450 1451 1491  1451 1491 1492  1451 1452 1492  1452 1492 1493  1452 1453 1493  1453 1493 1494  1453 1454 1494  1454 1494 1495  1454 1455 1495  1455 1495 1496  1455 1456 1496  1456 1496 1497  1456 1457 1497  1457 1497 1498  1457 1458 1498  1458 1498 1499  1458 1459 1499  1459 1499 1500  1459 1460 1500  1460 1500 1501  1460 1461 1501  1461 1501 1502  1461 1462 1502  1462 1502 1503  1462 1463 1503  1463 1503 1504  1463 1464 1504  1464 1504 1505  1464 1465 1505  1465 1505 1506  1465 1466 1506  1466 1506 1507  1466 1467 1507  1467 1507 1508  1467 1468 1508  1468 1508 1509  1468 1469 1509  1469 1509 1510  1469 1470 1510  1470 1510 1511  1470 1471 1511  1471 1511 1512  1471 1472 1512  1472 1512 1513  1472 1473 1513  1473 1513 1514  1473 1474 1514  1474 1514 1515  1474 1475 1515  1475 1515 1516  1476 1477 1517  1477 1517 1518  1477 1478 1518  1478 1518 1519  1478 1479 1519  1479 1519 1520  1479 1480 1520  1480 1520 1521  1480 1481 1521  1481 1521 1522  1481 1482 1522  1482 1522 1523  1482 1483 1523  1483 1523 1524  1483 1484 1524  1484 1524 1525  1484 1485 1525  1485 1525 1526  1485 1486 1526  1486 1526 1527  1486 1487 1527  1487 1527 1528  1487 1488 1528  1488 1528 1529  1488 1489 1529  1489 1529 1530  1489 1490 1530  1490 1530 1531  1490 1491 1531  1491 1531 1532  1491 1492 1532  1492 1532 1533  1492 1493 1533  1493 1533 1534  1493 1494 1534  1494 1534 1535  1494 1495 1535  1495 1535 1536  1495 1496 1536  1496 1536 1537  1496 1497 1537  1497 1537 1538  1497 1498 1538  1498 1538 1539  1498 1499 1539  1499 1539 1540  1499 1500 1540  1500 1540 1541  1500 1501 1541  1501 1541 1542  1501 1502 1542  1502 1542 1543  1502 1503 1543  1503 1543 1544  1503 1504 1544  1504 1544 1545  1504 1505 1545  1505 1545 1546  1505 1506 1546  1506 1546 1547  1506 1507 1547  1507 1547 1548  1507 1508 1548  1508 1548 1549  1508 1509 1549  1509 1549 1550  1509 1510 1550  1510 1550 1551  1510 1511 1551  1511 1551 1552  1511 1512 1552  1512 1552 1553  1512 1513 1553  1513 1553 1554  1513 1514 1554  1514 1554 1555  1514 1515 1555  1515 1555 1556  1515 1516 1556  1516 1556 1557  1517 1518 1558  1518 1558 1559  1518 1519 1559  1519 1559 1560  1519 1520 1560  1520 1560 1561  1520 1521 1561  1521 1561 1562  1521 1522 1562  1522 1562 1563  1522 1523 1563  1523 1563 1564  1523 1524 1564  1524 1564 1565  1524 1525 1565  1525 1565 1566  1525 1526 1566  1526 1566 1567  1526 1527 1567  1527 1567 1568  1527 1528 1568  1528 1568 1569  1528 1529 1569  1529 1569 1570  1529 1530 1570  1530 1570 1571  1530 1531 1571  1531 1571 1572  1531 1532 1572  1532 1572 1573  1532 1533 1573  1533 1573 1574  1533 1534 1574  1534 1574 1575  1534 1535 1575  1535 1575 1576  1535 1536 1576  1536 1576 1577  1536 1537 1577  1537 1577 1578  1537 1538 1578  1538 1578 1579  1538 1539 1579  1539 1579 1580  1539 1540 1580  1540 1580 1581  1540 1541 1581  1541 1581 1582  1541 1542 1582  1542 1582 1583  1542 1543 1583  1543 1583 1584  1543 1544 1584  1544 1584 1585  1544 1545 1585  1545 1585 1586  1545 1546 1586  1546 1586 1587  1546 1547 1587  1547 1587 1588  1547 1548 1588  1548 1588 1589  1548 1549 1589  1549 1589 1590  1549 1550 1590  1550 1590 1591  1550 1551 1591  1551 1591 1592  1551 1552 1592  1552 1592 1593  1552 1553 1593  1553 1593 1594  1553 1554 1594  1554 1594 1595  1554 1555 1595  1555 1595 1596  1555 1556 1596  1556 1596 1597  1556 1557 1597  1557 1597 1598  1558 1559 1599  1559 1599 1600  1559 1560 1600  1560 1600 1601  1560 1561 1601  1561 1601 1602  1561 1562 1602  1562 1602 1603  1562 1563 1603  1563 1603 1604  1563 1564 1604  1564 1604 1605  1564 1565 1605  1565 1605 1606  1565 1566 1606  1566 1606 1607  1566 1567 1607  1567 1607 1608  1567 1568 1608  1568 1608 1609  1568 1569 1609  1569 1609 1610  1569 1570 1610  1570 1610 1611  1570 1571 1611  1571 1611 1612  1571 1572 1612  1572 1612 1613  1572 1573 1613  1573 1613 1614  1573 1574 1614  1574 1614 1615  1574 1575 1615  1575 1615 1616  1575 1576 1616  1576 1616 1617  1576 1577 1617  1577 1617 1618  1577 1578 1618  1578 1618 1619  1578 1579 1619  1579 1619 1620  1579 1580 1620  1580 1620 1621  1580 1581 1621  1581 1621 1622  1581 1582 1622  1582 1622 1623  1582 1583 1623  1583 1623 1624  1583 1584 1624  1584 1624 1625  1584 1585 1625  1585 1625 1626  1585 1586 1626  1586 1626 1627  1586 1587 1627  1587 1627 1628  1587 1588 1628  1588 1628 1629  1588 1589 1629  1589 1629 1630  1589 1590 1630  1590 1630 1631  1590 1591 1631  1591 1631 1632  1591 1592 1632  1592 1632 1633  1592 1593 1633  1593 1633 1634  1593 1594 1634  1594 1634 1635  1594 1595 1635  1595 1635 1636  1595 1596 1636  1596 1636 1637  1596 1597 1637  1597 1637 1638  1597 1598 1638  1598 1638 1639  1599 1600 1640  1600 1640 1641  1600 1601 1641  1601 1641 1642  1601 1602 1642  1602 1642 1643  1602 1603 1643  1603 1643 1644  1603 1604 1644  1604 1644 1645  1604 1605 1645  1605 1645 1646  1605 1606 1646  1606 1646 1647  1606 1607 1647  1607 1647 1648  1607 1608 1648  1608 1648 1649  1608 1609 1649  1609 1649 1650  1609 1610 1650  1610 1650 1651  1610 1611 1651  1611 1651 1652  1611 1612 1652  1612 1652 1653  1612 1613 1653  1613 1653 1654  1613 1614 1654  1614 1654 1655  1614 1615 1655  1615 1655 1656  1615 1616 1656  1616 1656 1657  1616 1617 1657  1617 1657 1658  1617 1618 1658  1618 1658 1659  1618 1619 1659  1619 1659 1660  1619 1620 1660  1620 1660 1661  1620 1621 1661  1621 1661 1662  1621 1622 1662  1622 1662 1663  1622 1623 1663  1623 1663 1664  1623 1624 1664  1624 1664 1665  1624 1625 1665  1625 1665 1666  1625 1626 1666  1626 1666 1667  1626 1627 1667  1627 1667 1668  1627 1628 1668  1628 1668 1669  1628 1629 1669  1629 1669 1670  1629 1630 1670  1630 1670 1671  1630 1631 1671  1631 1671 1672  1631 1632 1672  1632 1672 1673  1632 1633 1673  1633 1673 1674  1633 1634 1674  1634 1674 1675  1634 1635 1675  1635 1675 1676  1635 1636 1676  1636 1676 1677  1636 1637 1677  1637 1677 1678  1637 1638 1678  1638 1678 1679  1638 1639 1679  1639 1679 1680  </DataArray>
<DataArray  type="UInt32"  Name="offsets"  format="ascii">3 6 9 12 15 18 21 24 27 30 33 36 39 42 45 48 51 54 57 60 63 66 69 72 75 78 81 84 87 90 93 96 99 102 105 108 111 114 117 120 123 126 129 132 135 138 141 144 147 150 153 156 159 162 165 168 171 174 177 180 183 186 189 192 195 198 201 204 207 210 213 216 219 222 225 228 231 234 237 240 243 246 249 252 255 258 261 264 267 270 273 276 279 282 285 288 291 294 297 300 303 306 309 312 315 318 321 324 327 330 333 336 339 342 345 348 351 354 357 360 363 366 369 372 375 378 381 384 387 390 393 396 399 402 405 408 411 414 417 420 423 426 429 432 435 438 441 444 447 450 453 456 459 462 465 468 471 474 477 480 483 486 489 492 495 498 501 504 507 510 513 516 519 522 525 528 531 534 537 540 543 546 549 552 555 558 561 564 567 570 573 576 579 582 585 588 591 594 597 600 603 606 609 612 615 618 621 624 627 630 633 636 639 642 645 648 651 654 657 660 663 666 669 672 675 678 681 684 687 690 693 696 699 702 705 708 711 714 717 720 723 726 729 732 735 738 741 744 747 750 753 756 759 762 765 768 771 774 777 780 783 786 789 792 795 798 801 804 807 810 813 816 819 822 825 828 831 834 837 840 843 846 849 852 855 858 861 864 867 870 873 876 879 882 885 888 891 894 897 900 903 906 909 912 915 918 921 924 927 930 933 936 939 942 945 948 951 954 957 960 963 966 969 972 975 978 981 984 987 990 993 996 999 1002 1005 1008 1011 1014 1017 1020 1023 1026 1029 1032 1035 1038 1041 1044 1047 1050 1053 1056 1059 1062 1065 1068 1071 1074 1077 1080 1083 1086 1089 1092 1095 1098 1101 1104 1107 1110 1113 1116 1119 1122 1125 1128 1131 1134 1137 1140 1143 1146 1149 1152 1155 1158 1161 1164 1167 1170 1173 1176 1179 1182 1185 1188 1191 1194 1197 1200 1203 1206 1209 1212 1215 1218 1221 1224 1227 1230 1233 1236 1239 1242 1245 1248 1251 1254 1257 1260 1263 1266 1269 1272 1275 1278 1281 1284 1287 1290 1293 1296 1299 1302 1305 1308 1311 1314 1317 1320 1323 1326 1329 1332 1335 1338 1341 1344 1347 1350 1353 1356 1359 1362 1365 1368 1371 1374 1377 1380 1383 1386 1389 1392 1395 1398 1401 1404 1407 1410 1413 1416 1419 1422 1425 1428 1431 1434 1437 1440 1443 1446 1449 1452 1455 1458 1461 1464 1467 1470 1473 1476 1479 1482 1485 1488 1491 1494 1497 1500 1503 1506 1509 1512 1515 1518 1521 1524 1527 1530 1533 1536 1539 1542 1545 1548 1551 1554 1557 1560 1563 1566 1569 1572 1575 1578 1581 1584 1587 1590 1593 1596 1599 1602 1605 1608 1611 1614 1617 1620 1623 1626 1629 1632 1635 1638 1641 1644 1647 1650 1653 1656 1659 1662 1665 1668 1671 1674 1677 1680 1683 1686 1689 1692 1695 1698 1701 1704 1707 1710 1713 1716 1719 1722 1725 1728 1731 1734 1737 1740 1743 1746 1749 1752 1755 1758 1761 1764 1767 1770 1773 1776 1779 1782 1785 1788 1791 1794 1797 1800 1803 1806 1809 1812 1815 1818 1821 1824 1827 1830 1833 1836 1839 1842 1845 1848 1851 1854 1857 1860 1863 1866 1869 1872 1875 1878 1881 1884 1887 1890 1893 1896 1899 1902 1905 1908 1911 1914 1917 1920 1923 1926 1929 1932 1935 1938 1941 1944 1947 1950 1953 1956 1959 1962 1965 1968 1971 1974 1977 1980 1983 1986 1989 1992 1995 1998 2001 2004 2007 2010 2013 2016 2019 2022 2025 2028 2031 2034 2037 2040 2043 2046 2049 2052 2055 2058 2061 2064 2067 2070 2073 2076 2079 2082 2085 2088 2091 2094 2097 2100 2103 2106 2109 2112 2115 2118 2121 2124 2127 2130 2133 2136 2139 2142 2145 2148 2151 2154 2157 2160 2163 2166 2169 2172 2175 2178 2181 2184 2187 2190 2193 2196 2199 2202 2205 2208 2211 2214 2217 2220 2223 2226 2229 2232 2235 2238 2241 2244 2247 2250 2253 2256 2259 2262 2265 2268 2271 2274 2277 2280 2283 2286 2289 2292 2295 2298 2301 2304 2307 2310 2313 2316 2319 2322 2325 2328 2331 2334 2337 2340 2343 2346 2349 2352 2355 2358 2361 2364 2367 2370 2373 2376 2379 2382 2385 2388 2391 2394 2397 2400 2403 2406 2409 2412 2415 2418 2421 2424 2427 2430 2433 2436 2439 2442 2445 2448 2451 2454 2457 2460 2463 2466 2469 2472 2475 2478 2481 2484 2487 2490 2493 2496 2499 2502 2505 2508 2511 2514 2517 2520 2523 2526 2529 2532 2535 2538 2541 2544 2547 2550 2553 2556 2559 2562 2565 2568 2571 2574 2577 2580 2583 2586 2589 2592 2595 2598 2601 2604 2607 2610 2613 2616 2619 2622 2625 2628 2631 2634 2637 2640 2643 2646 2649 2652 2655 2658 2661 2664 2667 2670 2673 2676 2679 2682 2685 2688 2691 2694 2697 2700 2703 2706 2709 2712 2715 2718 2721 2724 2727 2730 2733 2736 2739 2742 2745 2748 2751 2754 2757 2760 2763 2766 2769 2772 2775 2778 2781 2784 2787 2790 2793 2796 2799 2802 2805 2808 2811 2814 2817 2820 2823 2826 2829 2832 2835 2838 2841 2844 2847 2850 2853 2856 2859 2862 2865 2868 2871 2874 2877 2880 2883 2886 2889 2892 2895 2898 2901 2904 2907 2910 2913 2916 2919 2922 2925 2928 2931 2934 2937 2940 2943 2946 2949 2952 2955 2958 2961 2964 2967 2970 2973 2976 2979 2982 2985 2988 2991 2994 2997 3000 3003 3006 3009 3012 3015 3018 3021 3024 3027 3030 3033 3036 3039 3042 3045 3048 3051 3054 3057 3060 3063 3066 3069 3072 3075 3078 3081 3084 3087 3090 3093 3096 3099 3102 3105 3108 3111 3114 3117 3120 3123 3126 3129 3132 3135 3138 3141 3144 3147 3150 3153 3156 3159 3162 3165 3168 3171 3174 3177 3180 3183 3186 3189 3192 3195 3198 3201 3204 3207 3210 3213 3216 3219 3222 3225 3228 3231 3234 3237 3240 3243 3246 3249 3252 3255 3258 3261 3264 3267 3270 3273 3276 3279 3282 3285 3288 3291 3294 3297 3300 3303 3306 3309 3312 3315 3318 3321 3324 3327 3330 3333 3336 3339 3342 3345 3348 3351 3354 3357 3360 3363 3366 3369 3372 3375 3378 3381 3384 3387 3390 3393 3396 3399 3402 3405 3408 3411 3414 3417 3420 3423 3426 3429 3432 3435 3438 3441 3444 3447 3450 3453 3456 3459 3462 3465 3468 3471 3474 3477 3480 3483 3486 3489 3492 3495 3498 3501 3504 3507 3510 3513 3516 3519 3522 3525 3528 3531 3534 3537 3540 3543 3546 3549 3552 3555 3558 3561 3564 3567 3570 3573 3576 3579 3582 3585 3588 3591 3594 3597 3600 3603 3606 3609 3612 3615 3618 3621 3624 3627 3630 3633 3636 3639 3642 3645 3648 3651 3654 3657 3660 3663 3666 3669 3672 3675 3678 3681 3684 3687 3690 3693 3696 3699 3702 3705 3708 3711 3714 3717 3720 3723 3726 3729 3732 3735 3738 3741 3744 3747 3750 3753 3756 3759 3762 3765 3768 3771 3774 3777 3780 3783 3786 3789 3792 3795 3798 3801 3804 3807 3810 3813 3816 3819 3822 3825 3828 3831 3834 3837 3840 3843 3846 3849 3852 3855 3858 3861 3864 3867 3870 3873 3876 3879 3882 3885 3888 3891 3894 3897 3900 3903 3906 3909 3912 3915 3918 3921 3924 3927 3930 3933 3936 3939 3942 3945 3948 3951 3954 3957 3960 3963 3966 3969 3972 3975 3978 3981 3984 3987 3990 3993 3996 3999 4002 4005 4008 4011 4014 4017 4020 4023 4026 4029 4032 4035 4038 4041 4044 4047 4050 4053 4056 4059 4062 4065 4068 4071 4074 4077 4080 4083 4086 4089 4092 4095 4098 4101 4104 4107 4110 4113 4116 4119 4122 4125 4128 4131 4134 4137 4140 4143 4146 4149 4152 4155 4158 4161 4164 4167 4170 4173 4176 4179 4182 4185 4188 4191 4194 4197 4200 4203 4206 4209 4212 4215 4218 4221 4224 4227 4230 4233 4236 4239 4242 4245 4248 4251 4254 4257 4260 4263 4266 4269 4272 4275 4278 4281 4284 4287 4290 4293 4296 4299 4302 4305 4308 4311 4314 4317 4320 4323 4326 4329 4332 4335 4338 4341 4344 4347 4350 4353 4356 4359 4362 4365 4368 4371 4374 4377 4380 4383 4386 4389 4392 4395 4398 4401 4404 4407 4410 4413 4416 4419 4422 4425 4428 4431 4434 4437 4440 4443 4446 4449 4452 4455 4458 4461 4464 4467 4470 4473 4476 4479 4482 4485 4488 4491 4494 4497 4500 4503 4506 4509 4512 4515 4518 4521 4524 4527 4530 4533 4536 4539 4542 4545 4548 4551 4554 4557 4560 4563 4566 4569 4572 4575 4578 4581 4584 4587 4590 4593 4596 4599 4602 4605 4608 4611 4614 4617 4620 4623 4626 4629 4632 4635 4638 4641 4644 4647 4650 4653 4656 4659 4662 4665 4668 4671 4674 4677 4680 4683 4686 4689 4692 4695 4698 4701 4704 4707 4710 4713 4716 4719 4722 4725 4728 4731 4734 4737 4740 4743 4746 4749 4752 4755 4758 4761 4764 4767 4770 4773 4776 4779 4782 4785 4788 4791 4794 4797 4800 4803 4806 4809 4812 4815 4818 4821 4824 4827 4830 4833 4836 4839 4842 4845 4848 4851 4854 4857 4860 4863 4866 4869 4872 4875 4878 4881 4884 4887 4890 4893 4896 4899 4902 4905 4908 4911 4914 4917 4920 4923 4926 4929 4932 4935 4938 4941 4944 4947 4950 4953 4956 4959 4962 4965 4968 4971 4974 4977 4980 4983 4986 4989 4992 4995 4998 5001 5004 5007 5010 5013 5016 5019 5022 5025 5028 5031 5034 5037 5040 5043 5046 5049 5052 5055 5058 5061 5064 5067 5070 5073 5076 5079 5082 5085 5088 5091 5094 5097 5100 5103 5106 5109 5112 5115 5118 5121 5124 5127 5130 5133 5136 5139 5142 5145 5148 5151 5154 5157 5160 5163 5166 5169 5172 5175 5178 5181 5184 5187 5190 5193 5196 5199 5202 5205 5208 5211 5214 5217 5220 5223 5226 5229 5232 5235 5238 5241 5244 5247 5250 5253 5256 5259 5262 5265 5268 5271 5274 5277 5280 5283 5286 5289 5292 5295 5298 5301 5304 5307 5310 5313 5316 5319 5322 5325 5328 5331 5334 5337 5340 5343 5346 5349 5352 5355 5358 5361 5364 5367 5370 5373 5376 5379 5382 5385 5388 5391 5394 5397 5400 5403 5406 5409 5412 5415 5418 5421 5424 5427 5430 5433 5436 5439 5442 5445 5448 5451 5454 5457 5460 5463 5466 5469 5472 5475 5478 5481 5484 5487 5490 5493 5496 5499 5502 5505 5508 5511 5514 5517 5520 5523 5526 5529 5532 5535 5538 5541 5544 5547 5550 5553 5556 5559 5562 5565 5568 5571 5574 5577 5580 5583 5586 5589 5592 5595 5598 5601 5604 5607 5610 5613 5616 5619 5622 5625 5628 5631 5634 5637 5640 5643 5646 5649 5652 5655 5658 5661 5664 5667 5670 5673 5676 5679 5682 5685 5688 5691 5694 5697 5700 5703 5706 5709 5712 5715 5718 5721 5724 5727 5730 5733 5736 5739 5742 5745 5748 5751 5754 5757 5760 5763 5766 5769 5772 5775 5778 5781 5784 5787 5790 5793 5796 5799 5802 5805 5808 5811 5814 5817 5820 5823 5826 5829 5832 5835 5838 5841 5844 5847 5850 5853 5856 5859 5862 5865 5868 5871 5874 5877 5880 5883 5886 5889 5892 5895 5898 5901 5904 5907 5910 5913 5916 5919 5922 5925 5928 5931 5934 5937 5940 5943 5946 5949 5952 5955 5958 5961 5964 5967 5970 5973 5976 5979 5982 5985 5988 5991 5994 5997 6000 6003 6006 6009 6012 6015 6018 6021 6024 6027 6030 6033 6036 6039 6042 6045 6048 6051 6054 6057 6060 6063 6066 6069 6072 6075 6078 6081 6084 6087 6090 6093 6096 6099 6102 6105 6108 6111 6114 6117 6120 6123 6126 6129 6132 6135 6138 6141 6144 6147 6150 6153 6156 6159 6162 6165 6168 6171 6174 6177 6180 6183 6186 6189 6192 6195 6198 6201 6204 6207 6210 6213 6216 6219 6222 6225 6228 6231 6234 6237 6240 6243 6246 6249 6252 6255 6258 6261 6264 6267 6270 6273 6276 6279 6282 6285 6288 6291 6294 6297 6300 6303 6306 6309 6312 6315 6318 6321 6324 6327 6330 6333 6336 6339 6342 6345 6348 6351 6354 6357 6360 6363 6366 6369 6372 6375 6378 6381 6384 6387 6390 6393 6396 6399 6402 6405 6408 6411 6414 6417 6420 6423 6426 6429 6432 6435 6438 6441 6444 6447 6450 6453 6456 6459 6462 6465 6468 6471 6474 6477 6480 6483 6486 6489 6492 6495 6498 6501 6504 6507 6510 6513 6516 6519 6522 6525 6528 6531 6534 6537 6540 6543 6546 6549 6552 6555 6558 6561 6564 6567 6570 6573 6576 6579 6582 6585 6588 6591 6594 6597 6600 6603 6606 6609 6612 6615 6618 6621 6624 6627 6630 6633 6636 6639 6642 6645 6648 6651 6654 6657 6660 6663 6666 6669 6672 6675 6678 6681 6684 6687 6690 6693 6696 6699 6702 6705 6708 6711 6714 6717 6720 6723 6726 6729 6732 6735 6738 6741 6744 6747 6750 6753 6756 6759 6762 6765 6768 6771 6774 6777 6780 6783 6786 6789 6792 6795 6798 6801 6804 6807 6810 6813 6816 6819 6822 6825 6828 6831 6834 6837 6840 6843 6846 6849 6852 6855 6858 6861 6864 6867 6870 6873 6876 6879 6882 6885 6888 6891 6894 6897 6900 6903 6906 6909 6912 6915 6918 6921 6924 6927 6930 6933 6936 6939 6942 6945 6948 6951 6954 6957 6960 6963 6966 6969 6972 6975 6978 6981 6984 6987 6990 6993 6996 6999 7002 7005 7008 7011 7014 7017 7020 7023 7026 7029 7032 7035 7038 7041 7044 7047 7050 7053 7056 7059 7062 7065 7068 7071 7074 7077 7080 7083 7086 7089 7092 7095 7098 7101 7104 7107 7110 7113 7116 7119 7122 7125 7128 7131 7134 7137 7140 7143 7146 7149 7152 7155 7158 7161 7164 7167 7170 7173 7176 7179 7182 7185 7188 7191 7194 7197 7200 7203 7206 7209 7212 7215 7218 7221 7224 7227 7230 7233 7236 7239 7242 7245 7248 7251 7254 7257 7260 7263 7266 7269 7272 7275 7278 7281 7284 7287 7290 7293 7296 7299 7302 7305 7308 7311 7314 7317 7320 7323 7326 7329 7332 7335 7338 7341 7344 7347 7350 7353 7356 7359 7362 7365 7368 7371 7374 7377 7380 7383 7386 7389 7392 7395 7398 7401 7404 7407 7410 7413 7416 7419 7422 7425 7428 7431 7434 7437 7440 7443 7446 7449 7452 7455 7458 7461 7464 7467 7470 7473 7476 7479 7482 7485 7488 7491 7494 7497 7500 7503 7506 7509 7512 7515 7518 7521 7524 7527 7530 7533 7536 7539 7542 7545 7548 7551 7554 7557 7560 7563 7566 7569 7572 7575 7578 7581 7584 7587 7590 7593 7596 7599 7602 7605 7608 7611 7614 7617 7620 7623 7626 7629 7632 7635 7638 7641 7644 7647 7650 7653 7656 7659 7662 7665 7668 7671 7674 7677 7680 7683 7686 7689 7692 7695 7698 7701 7704 7707 7710 7713 7716 7719 7722 7725 7728 7731 7734 7737 7740 7743 7746 7749 7752 7755 7758 7761 7764 7767 7770 7773 7776 7779 7782 7785 7788 7791 7794 7797 7800 7803 7806 7809 7812 7815 7818 7821 7824 7827 7830 7833 7836 7839 7842 7845 7848 7851 7854 7857 7860 7863 7866 7869 7872 7875 7878 7881 7884 7887 7890 7893 7896 7899 7902 7905 7908 7911 7914 7917 7920 7923 7926 7929 7932 7935 7938 7941 7944 7947 7950 7953 7956 7959 7962 7965 7968 7971 7974 7977 7980 7983 7986 7989 7992 7995 7998 8001 8004 8007 8010 8013 8016 8019 8022 8025 8028 8031 8034 8037 8040 8043 8046 8049 8052 8055 8058 8061 8064 8067 8070 8073 8076 8079 8082 8085 8088 8091 8094 8097 8100 8103 8106 8109 8112 8115 8118 8121 8124 8127 8130 8133 8136 8139 8142 8145 8148 8151 8154 8157 8160 8163 8166 8169 8172 8175 8178 8181 8184 8187 8190 8193 8196 8199 8202 8205 8208 8211 8214 8217 8220 8223 8226 8229 8232 8235 8238 8241 8244 8247 8250 8253 8256 8259 8262 8265 8268 8271 8274 8277 8280 8283 8286 8289 8292 8295 8298 8301 8304 8307 8310 8313 8316 8319 8322 8325 8328 8331 8334 8337 8340 8343 8346 8349 8352 8355 8358 8361 8364 8367 8370 8373 8376 8379 8382 8385 8388 8391 8394 8397 8400 8403 8406 8409 8412 8415 8418 8421 8424 8427 8430 8433 8436 8439 8442 8445 8448 8451 8454 8457 8460 8463 8466 8469 8472 8475 8478 8481 8484 8487 8490 8493 8496 8499 8502 8505 8508 8511 8514 8517 8520 8523 8526 8529 8532 8535 8538 8541 8544 8547 8550 8553 8556 8559 8562 8565 8568 8571 8574 8577 8580 8583 8586 8589 8592 8595 8598 8601 8604 8607 8610 8613 8616 8619 8622 8625 8628 8631 8634 8637 8640 8643 8646 8649 8652 8655 8658 8661 8664 8667 8670 8673 8676 8679 8682 8685 8688 8691 8694 8697 8700 8703 8706 8709 8712 8715 8718 8721 8724 8727 8730 8733 8736 8739 8742 8745 8748 8751 8754 8757 8760 8763 8766 8769 8772 8775 8778 8781 8784 8787 8790 8793 8796 8799 8802 8805 8808 8811 8814 8817 8820 8823 8826 8829 8832 8835 8838 8841 8844 8847 8850 8853 8856 8859 8862 8865 8868 8871 8874 8877 8880 8883 8886 8889 8892 8895 8898 8901 8904 8907 8910 8913 8916 8919 8922 8925 8928 8931 8934 8937 8940 8943 8946 8949 8952 8955 8958 8961 8964 8967 8970 8973 8976 8979 8982 8985 8988 8991 8994 8997 9000 9003 9006 9009 9012 9015 9018 9021 9024 9027 9030 9033 9036 9039 9042 9045 9048 9051 9054 9057 9060 9063 9066 9069 9072 9075 9078 9081 9084 9087 9090 9093 9096 9099 9102 9105 9108 9111 9114 9117 9120 9123 9126 9129 9132 9135 9138 9141 9144 9147 9150 9153 9156 9159 9162 9165 9168 9171 9174 9177 9180 9183 9186 9189 9192 9195 9198 9201 9204 9207 9210 9213 9216 9219 9222 9225 9228 9231 9234 9237 9240 9243 9246 9249 9252 9255 9258 9261 9264 9267 9270 9273 9276 9279 9282 9285 9288 9291 9294 9297 9300 9303 9306 9309 9312 9315 9318 9321 9324 9327 9330 9333 9336 9339 9342 9345 9348 9351 9354 9357 9360 9363 9366 9369 9372 9375 9378 9381 9384 9387 9390 9393 9396 9399 9402 9405 9408 9411 9414 9417 9420 9423 9426 9429 9432 9435 9438 9441 9444 9447 9450 9453 9456 9459 9462 9465 9468 9471 9474 9477 9480 9483 9486 9489 9492 9495 9498 9501 9504 9507 9510 9513 9516 9519 9522 9525 9528 9531 9534 9537 9540 9543 9546 9549 9552 9555 9558 9561 9564 9567 9570 9573 9576 9579 9582 9585 9588 9591 9594 9597 9600 </DataArray>
<DataArray  type="UInt8"  Name="types"  format="ascii">5 5 5 5 5 5 5 5 5 5 5 5 5 5 5 5 5 5 5 5 5 5 5 5 5 5 5 5 5 5 5 5 5 5 5 5 5 5 5 5 5 5 5 5 5 5 5 5 5 5 5 5 5 5 5 5 5 5 5 5 5 5 5 5 5 5 5 5 5 5 5 5 5 5 5 5 5 5 5 5 5 5 5 5 5 5 5 5 5 5 5 5 5 5 5 5 5 5 5 5 5 5 5 5 5 5 5 5 5 5 5 5 5 5 5 5 5 5 5 5 5 5 5 5 5 5 5 5 5 5 5 5 5 5 5 5 5 5 5 5 5 5 5 5 5 5 5 5 5 5 5 5 5 5 5 5 5 5 5 5 5 5 5 5 5 5 5 5 5 5 5 5 5 5 5 5 5 5 5 5 5 5 5 5 5 5 5 5 5 5 5 5 5 5 5 5 5 5 5 5 5 5 5 5 5 5 5 5 5 5 5 5 5 5 5 5 5 5 5 5 5 5 5 5 5 5 5 5 5 5 5 5 5 5 5 5 5 5 5 5 5 5 5 5 5 5 5 5 5 5 5 5 5 5 5 5 5 5 5 5 5 5 5 5 5 5 5 5 5 5 5 5 5 5 5 5 5 5 5 5 5 5 5 5 5 5 5 5 5 5 5 5 5 5 5 5 5 5 5 5 5 5 5 5 5 5 5 5 5 5 5 5 5 5 5 5 5 5 5 5 5 5 5 5 5 5 5 5 5 5 5 5 5 5 5 5 5 5 5 5 5 5 5 5 5 5 5 5 5 5 5 5 5 5 5 5 5 5 5 5 5 5 5 5 5 5 5 5 5 5 5 5 5 5 5 5 5 5 5 5 5 5 5 5 5 5 5 5 5 5 5 5 5 5 5 5 5 5 5 5 5 5 5 5 5 5 5 5 5 5 5 5 5 5 5 5 5 5 5 5 5 5 5 5 5 5 5 5 5 5 5 5 5 5 5 5 5 5 5 5 5 5 5 5 5 5 5 5 5 5 5 5 5 5 5 5 5 5 5 5 5 5 5 5 5 5 5 5 5 5 5 5 5 5 5 5 5 5 5 5 5 5 5 5 5 5 5 5 5 5 5 5 5 5 5 5 5 5 5 5 5 5 5 5 5 5 5 5 5 5 5 5 5 5 5 5 5 5 5 5 5 5 5 5 5 5 5 5 5 5 5 5 5 5 5 5 5 5 5 5 5 5 5 5 5 5 5 5 5 5 5 5 5 5 5 5 5 5 5 5 5 5 5 5 5 5 5 5 5 5 5 5 5 5 5 5 5 5 5 5 5 5 5 5 5 5 5 5 5 5 5 5 5 5 5 5 5 5 5 5 5 5 5 5 5 5 5 5 5 5 5 5 5 5 5 5 5 5 5 5 5 5 5 5 5 5 5 5 5 5 5 5 5 5 5 5 5 5 5 5 5 5 5 5 5 5 5 5 5 5 5 5 5 5 5 5 5 5 5 5 5 5 5 5 5 5 5 5 5 5 5 5 5 5 5 5 5 5 5 5 5 5 5 5 5 5 5 5 5 5 5 5 5 5 5 5 5 5 5 5 5 5 5 5 5 5 5 5 5 5 5 5 5 5 5 5 5 5 5 5 5 5 5 5 5 5 5 5 5 5 5 5 5 5 5 5 5 5 5 5 5 5 5 5 5 5 5 5 5 5 5 5 5 5 5 5 5 5 5 5 5 5 5 5 5 5 5 5 5 5 5 5 5 5 5 5 5 5 5 5 5 5 5 5 5 5 5 5 5 5 5 5 5 5 5 5 5 5 5 5 5 5 5 5 5 5 5 5 5 5 5 5 5 5 5 5 5 5 5 5 5 5 5 5 5 5 5 5 5 5 5 5 5 5 5 5 5 5 5 5 5 5 5 5 5 5 5 5 5 5 5 5 5 5 5 5 5 5 5 5 5 5 5 5 5 5 5 5 5 5 5 5 5 5 5 5 5 5 5 5 5 5 5 5 5 5 5 5 5 5 5 5 5 5 5 5 5 5 5 5 5 5 5 5 5 5 5 5 5 5 5 5 5 5 5 5 5 5 5 5 5 5 5 5 5 5 5 5 5 5 5 5 5 5 5 5 5 5 5 5 5 5 5 5 5 5 5 5 5 5 5 5 5 5 5 5 5 5 5 5 5 5 5 5 5 5 5 5 5 5 5 5 5 5 5 5 5 5 5 5 5 5 5 5 5 5 5 5 5 5 5 5 5 5 5 5 5 5 5 5 5 5 5 5 5 5 5 5 5 5 5 5 5 5 5 5 5 5 5 5 5 5 5 5 5 5 5 5 5 5 5 5 5 5 5 5 5 5 5 5 5 5 5 5 5 5 5 5 5 5 5 5 5 5 5 5 5 5 5 5 5 5 5 5 5 5 5 5 5 5 5 5 5 5 5 5 5 5 5 5 5 5 5 5 5 5 5 5 5 5 5 5 5 5 5 5 5 5 5 5 5 5 5 5 5 5 5 5 5 5 5 5 5 5 5 5 5 5 5 5 5 5 5 5 5 5 5 5 5 5 5 5 5 5 5 5 5 5 5 5 5 5 5 5 5 5 5 5 5 5 5 5 5 5 5 5 5 5 5 5 5 5 5 5 5 5 5 5 5 5 5 5 5 5 5 5 5 5 5 5 5 5 5 5 5 5 5 5 5 5 5 5 5 5 5 5 5 5 5 5 5 5 5 5 5 5 5 5 5 5 5 5 5 5 5 5 5 5 5 5 5 5 5 5 5 5 5 5 5 5 5 5 5 5 5 5 5 5 5 5 5 5 5 5 5 5 5 5 5 5 5 5 5 5 5 5 5 5 5 5 5 5 5 5 5 5 5 5 5 5 5 5 5 5 5 5 5 5 5 5 5 5 5 5 5 5 5 5 5 5 5 5 5 5 5 5 5 5 5 5 5 5 5 5 5 5 5 5 5 5 5 5 5 5 5 5 5 5 5 5 5 5 5 5 5 5 5 5 5 5 5 5 5 5 5 5 5 5 5 5 5 5 5 5 5 5 5 5 5 5 5 5 5 5 5 5 5 5 5 5 5 5 5 5 5 5 5 5 5 5 5 5 5 5 5 5 5 5 5 5 5 5 5 5 5 5 5 5 5 5 5 5 5 5 5 5 5 5 5 5 5 5 5 5 5 5 5 5 5 5 5 5 5 5 5 5 5 5 5 5 5 5 5 5 5 5 5 5 5 5 5 5 5 5 5 5 5 5 5 5 5 5 5 5 5 5 5 5 5 5 5 5 5 5 5 5 5 5 5 5 5 5 5 5 5 5 5 5 5 5 5 5 5 5 5 5 5 5 5 5 5 5 5 5 5 5 5 5 5 5 5 5 5 5 5 5 5 5 5 5 5 5 5 5 5 5 5 5 5 5 5 5 5 5 5 5 5 5 5 5 5 5 5 5 5 5 5 5 5 5 5 5 5 5 5 5 5 5 5 5 5 5 5 5 5 5 5 5 5 5 5 5 5 5 5 5 5 5 5 5 5 5 5 5 5 5 5 5 5 5 5 5 5 5 5 5 5 5 5 5 5 5 5 5 5 5 5 5 5 5 5 5 5 5 5 5 5 5 5 5 5 5 5 5 5 5 5 5 5 5 5 5 5 5 5 5 5 5 5 5 5 5 5 5 5 5 5 5 5 5 5 5 5 5 5 5 5 5 5 5 5 5 5 5 5 5 5 5 5 5 5 5 5 5 5 5 5 5 5 5 5 5 5 5 5 5 5 5 5 5 5 5 5 5 5 5 5 5 5 5 5 5 5 5 5 5 5 5 5 5 5 5 5 5 5 5 5 5 5 5 5 5 5 5 5 5 5 5 5 5 5 5 5 5 5 5 5 5 5 5 5 5 5 5 5 5 5 5 5 5 5 5 5 5 5 5 5 5 5 5 5 5 5 5 5 5 5 5 5 5 5 5 5 5 5 5 5 5 5 5 5 5 5 5 5 5 5 5 5 5 5 5 5 5 5 5 5 5 5 5 5 5 5 5 5 5 5 5 5 5 5 5 5 5 5 5 5 5 5 5 5 5 5 5 5 5 5 5 5 5 5 5 5 5 5 5 5 5 5 5 5 5 5 5 5 5 5 5 5 5 5 5 5 5 5 5 5 5 5 5 5 5 5 5 5 5 5 5 5 5 5 5 5 5 5 5 5 5 5 5 5 5 5 5 5 5 5 5 5 5 5 5 5 5 5 5 5 5 5 5 5 5 5 5 5 5 5 5 5 5 5 5 5 5 5 5 5 5 5 5 5 5 5 5 5 5 5 5 5 5 5 5 5 5 5 5 5 5 5 5 5 5 5 5 5 5 5 5 5 5 5 5 5 5 5 5 5 5 5 5 5 5 5 5 5 5 5 5 5 5 5 5 5 5 5 5 5 5 5 5 5 5 5 5 5 5 5 5 5 5 5 5 5 5 5 5 5 5 5 5 5 5 5 5 5 5 5 5 5 5 5 5 5 5 5 5 5 5 5 5 5 5 5 5 5 5 5 5 5 5 5 5 5 5 5 5 5 5 5 5 5 5 5 5 5 5 5 5 5 5 5 5 5 5 5 5 5 5 5 5 5 5 5 5 5 5 5 5 5 5 5 5 5 5 5 5 5 5 5 5 5 5 5 5 5 5 5 5 5 5 5 5 5 5 5 5 5 5 5 5 5 5 5 5 5 5 5 5 5 5 5 5 5 5 5 5 5 5 5 5 5 5 5 5 5 5 5 5 5 5 5 5 5 5 5 5 5 5 5 5 5 5 5 5 5 5 5 5 5 5 5 5 5 5 5 5 5 5 5 5 5 5 5 5 5 5 5 5 5 5 5 5 5 5 5 5 5 5 5 5 5 5 5 5 5 5 5 5 5 5 5 5 5 5 5 5 5 5 5 5 5 5 5 5 5 5 5 5 5 5 5 5 5 5 5 5 5 5 5 5 5 5 5 5 5 5 5 5 5 5 5 5 5 5 5 5 5 5 5 5 5 5 5 5 5 5 5 5 5 5 5 5 5 5 5 5 5 5 5 5 5 5 5 5 5 5 5 5 5 5 5 5 5 5 5 5 5 5 5 5 5 5 5 5 5 5 5 5 5 5 5 5 5 5 5 5 5 5 5 5 5 5 5 5 5 5 5 5 5 5 5 5 5 5 5 5 5 5 5 5 5 5 5 5 5 5 5 5 5 5 5 5 5 5 5 5 5 5 5 5 5 5 5 5 5 5 5 5 5 5 5 5 5 5 5 5 5 5 5 5 5 5 5 5 5 5 5 5 5 5 5 5 5 5 5 5 5 5 5 5 5 5 5 5 5 5 5 5 5 5 5 5 5 5 5 5 5 5 5 5 5 5 5 5 5 5 5 5 5 5 5 5 5 5 5 5 5 5 5 5 5 5 5 5 5 5 5 5 5 5 5 5 5 5 5 5 5 5 5 5 5 5 5 5 5 5 5 5 5 5 5 5 5 5 5 5 5 5 5 5 5 5 5 5 5 5 5 5 5 5 5 5 5 5 5 5 5 5 5 5 5 5 5 5 5 5 5 5 5 5 5 5 5 5 5 5 5 5 5 5 5 5 5 5 5 5 5 5 5 5 5 5 5 5 5 5 5 5 5 5 5 5 5 5 5 5 5 5 5 5 5 5 5 5 5 5 5 5 5 5 5 5 5 5 5 5 5 5 5 5 5 5 5 5 5 5 5 5 5 5 5 5 5 5 5 5 5 5 5 5 5 5 5 5 5 5 5 5 5 5 5 5 5 5 5 5 5 5 5 5 5 5 5 5 5 5 5 5 5 5 5 5 5 5 5 5 5 5 5 5 5 5 5 5 5 5 5 5 5 5 5 5 5 5 5 5 5 5 5 5 5 5 5 5 5 5 5 5 5 5 5 5 5 5 5 5 5 5 5 5 5 5 5 5 5 5 5 5 5 5 5 5 5 5 5 5 5 5 5 5 5 5 5 5 5 5 5 5 5 5 5 5 5 5 5 5 5 5 5 5 5 5 5 5 5 5 5 5 5 5 5 5 5 5 5 5 5 5 5 5 5 5 5 5 5 5 5 5 5 5 5 5 5 5 5 5 5 5 5 5 5 5 5 5 5 5 5 5 5 5 5 5 5 5 5 5 5 5 5 5 5 5 5 5 5 5 5 5 5 5 5 5 5 5 5 5 5 5 5 5 5 5 5 5 5 5 5 5 5 5 5 5 5 5 5 5 5 5 5 5 5 5 5 5 5 5 5 5 5 5 5 5 5 5 5 5 5 5 5 5 5 5 5 5 5 5 5 5 5 5 5 5 5 5 5 5 5 5 5 5 5 5 5 5 5 5 5 5 5 5 5 5 5 5 5 5 5 5 5 5 5 5 5 5 5 5 5 5 5 5 5 5 5 5 5 5 5 5 5 5 5 5 5 5 5 5 5 5 5 5 5 5 5 5 5 5 5 5 5 5 5 5 5 5 5 5 5 5 5 5 5 5 5 5 5 5 5 5 5 5 5 5 5 5 5 5 5 5 5 5 5 5 5 5 5 5 5 5 5 5 5 5 5 5 5 5 5 5 5 5 5 5 5 5 5 5 5 5 5 5 5 5 5 5 5 5 5 5 5 5 5 5 5 5 5 5 5 5 5 5 5 5 5 5 5 5 5 5 5 5 5 5 5 5 5 5 5 5 5 5 5 5 5 5 5 5 5 5 5 5 5 5 5 5 5 5 5 5 5 5 5 5 5 5 5 5 5 5 5 5 5 5 5 5 5 5 5 5 5 5 5 5 5 5 5 5 5 5 5 5 5 5 5 5 5 5 5 5 5 5 5 5 5 5 5 5 5 5 5 5 5 5 5 5 5 5 5 5 5 5 5 5 5 5 5 5 5 5 5 5 5 5 5 5 5 5 5 5 5 5 5 5 5 5 5 5 5 5 5 5 5 5 5 5 5 5 5 5 5 5 5 5 5 5 5 5 5 5 5 5 5 5 5 5 5 5 5 5 5 5 5 5 5 5 5 5 5 5 5 5 5 5 5 5 5 5 5 5 5 5 5 5 5 5 5 5 5 5 5 5 5 5 5 5 5 5 5 5 5 5 5 5 5 5 5 5 5 5 5 5 5 5 5 5 5 5 5 5 5 5 5 5 5 5 5 5 5 5 5 5 5 5 5 5 5 5 5 5 5 5 5 5 5 5 5 5 5 5 5 5 </DataArray>
</Cells>
<CellData  Scalars="f_3514"> 
<DataArray  type="Float64"  Name="f_3514"  format="ascii">1.0000000000000000e-02   1.0000000000000000e-02   1.0000000000000000e-02   1.0000000000000000e-02   1.0000000000000000e-02   1.0000000000000000e-02   1.0000000000000000e-02   1.0000000000000000e-02   1.0000000000000000e-02   1.7400000000000000e+00   1.7400000000000000e+00   1.7400000000000000e+00   1.7400000000000000e+00   1.7400000000000000e+00   1.7400000000000000e+00   1.7400000000000000e+00   1.7400000000000000e+00   1.7400000000000000e+00   1.7400000000000000e+00   1.7400000000000000e+00   1.7400000000000000e+00   1.0000000000000000e-02   1.0000000000000000e-02   1.0000000000000000e-02   1.0000000000000000e-02   1.0000000000000000e-02   1.0000000000000000e-02   1.0000000000000000e-02   1.0000000000000000e-02   1.0000000000000000e-02   1.0000000000000000e-02   1.0000000000000000e-02   1.0000000000000000e-02   1.0000000000000000e-02   1.0000000000000000e-02   1.0000000000000000e-02   1.0000000000000000e-02   1.0000000000000000e-02   1.0000000000000000e-02   1.0000000000000000e-02   1.0000000000000000e-02   1.0000000000000000e-02   1.0000000000000000e-02   1.0000000000000000e-02   1.0000000000000000e-02   1.7400000000000000e+00   1.7400000000000000e+00   1.7400000000000000e+00   1.7400000000000000e+00   1.7400000000000000e+00   1.7400000000000000e+00   1.0000000000000000e-02   1.0000000000000000e-02   1.0000000000000000e-02   1.0000000000000000e-02   1.0000000000000000e-02   1.0000000000000000e-02   1.0000000000000000e-02   1.0000000000000000e-02   1.0000000000000000e-02   1.0000000000000000e-02   1.0000000000000000e-02   1.0000000000000000e-02   1.0000000000000000e-02   1.0000000000000000e-02   1.0000000000000000e-02   1.0000000000000000e-02   1.0000000000000000e-02   1.0000000000000000e-02   1.0000000000000000e-02   1.0000000000000000e-02   1.0000000000000000e-02   1.0000000000000000e-02   1.0000000000000000e-02   1.0000000000000000e-02   1.0000000000000000e-02   1.0000000000000000e-02   1.0000000000000000e-02   1.0000000000000000e-02   1.0000000000000000e-02   1.0000000000000000e-02   1.0000000000000000e-02   1.0000000000000000e-02   1.0000000000000000e-02   1.0000000000000000e-02   1.0000000000000000e-02   1.0000000000000000e-02   1.0000000000000000e-02   1.0000000000000000e-02   1.7400000000000000e+00   1.7400000000000000e+00   1.7400000000000000e+00   1.7400000000000000e+00   1.7400000000000000e+00   1.7400000000000000e+00   1.7400000000000000e+00   1.7400000000000000e+00   1.7400000000000000e+00   1.7400000000000000e+00   1.7400000000000000e+00   1.7400000000000000e+00   1.0000000000000000e-02   1.0000000000000000e-02   1.0000000000000000e-02   1.0000000000000000e-02   1.0000000000000000e-02   1.0000000000000000e-02   1.0000000000000000e-02   1.0000000000000000e-02   1.0000000000000000e-02   1.0000000000000000e-02   1.0000000000000000e-02   1.0000000000000000e-02   1.0000000000000000e-02   1.0000000000000000e-02   1.0000000000000000e-02   1.0000000000000000e-02   1.0000000000000000e-02   1.0000000000000000e-02   1.0000000000000000e-02   1.0000000000000000e-02   1.0000000000000000e-02   1.0000000000000000e-02   1.0000000000000000e-02   1.0000000000000000e-02   1.7400000000000000e+00   1.7400000000000000e+00   1.7400000000000000e+00   1.7400000000000000e+00   1.7400000000000000e+00   1.7400000000000000e+00   1.0000000000000000e-02   1.0000000000000000e-02   1.0000000000000000e-02   1.0000000000000000e-02   1.0000000000000000e-02   1.0000000000000000e-02   1.0000000000000000e-02   1.0000000000000000e-02   1.0000000000000000e-02   1.0000000000000000e-02   1.0000000000000000e-02   1.0000000000000000e-02   1.0000000000000000e-02   1.0000000000000000e-02   1.0000000000000000e-02   1.0000000000000000e-02   1.0000000000000000e-02   1.0000000000000000e-02   1.0000000000000000e-02   1.0000000000000000e-02   1.0000000000000000e-02   1.0000000000000000e-02   1.0000000000000000e-02   1.0000000000000000e-02   1.0000000000000000e-02   1.0000000000000000e-02   1.0000000000000000e-02   1.0000000000000000e-02   1.0000000000000000e-02   1.0000000000000000e-02   1.0000000000000000e-02   1.0000000000000000e-02   1.0000000000000000e-02   1.0000000000000000e-02   1.0000000000000000e-02   1.0000000000000000e-02   1.0000000000000000e-02   1.0000000000000000e-02   1.7400000000000000e+00   1.7400000000000000e+00   1.7400000000000000e+00   1.7400000000000000e+00   1.7400000000000000e+00   1.7400000000000000e+00   1.7400000000000000e+00   1.7400000000000000e+00   1.7400000000000000e+00   1.7400000000000000e+00   1.7400000000000000e+00   1.7400000000000000e+00   1.0000000000000000e-02   1.0000000000000000e-02   1.0000000000000000e-02   1.0000000000000000e-02   1.0000000000000000e-02   1.0000000000000000e-02   1.0000000000000000e-02   1.0000000000000000e-02   1.0000000000000000e-02   1.0000000000000000e-02   1.0000000000000000e-02   1.0000000000000000e-02   1.0000000000000000e-02   1.0000000000000000e-02   1.0000000000000000e-02   1.0000000000000000e-02   1.0000000000000000e-02   1.0000000000000000e-02   1.0000000000000000e-02   1.0000000000000000e-02   1.0000000000000000e-02   1.0000000000000000e-02   1.0000000000000000e-02   1.0000000000000000e-02   1.7400000000000000e+00   1.7400000000000000e+00   1.7400000000000000e+00   1.7400000000000000e+00   1.7400000000000000e+00   1.7400000000000000e+00   1.0000000000000000e-02   1.0000000000000000e-02   1.0000000000000000e-02   1.0000000000000000e-02   1.0000000000000000e-02   1.0000000000000000e-02   1.0000000000000000e-02   1.0000000000000000e-02   1.0000000000000000e-02   1.0000000000000000e-02   1.0000000000000000e-02   1.0000000000000000e-02   1.0000000000000000e-02   1.0000000000000000e-02   1.0000000000000000e-02   1.0000000000000000e-02   1.0000000000000000e-02   1.0000000000000000e-02   1.0000000000000000e-02   1.0000000000000000e-02   1.0000000000000000e-02   1.0000000000000000e-02   1.0000000000000000e-02   1.0000000000000000e-02   1.0000000000000000e-02   1.0000000000000000e-02   1.0000000000000000e-02   1.0000000000000000e-02   1.0000000000000000e-02   1.0000000000000000e-02   1.0000000000000000e-02   1.0000000000000000e-02   1.0000000000000000e-02   1.0000000000000000e-02   1.0000000000000000e-02   1.0000000000000000e-02   1.0000000000000000e-02   1.0000000000000000e-02   1.7400000000000000e+00   1.7400000000000000e+00   1.7400000000000000e+00   1.7400000000000000e+00   1.7400000000000000e+00   1.7400000000000000e+00   1.7400000000000000e+00   1.7400000000000000e+00   1.7400000000000000e+00   1.7400000000000000e+00   1.7400000000000000e+00   1.7400000000000000e+00   1.0000000000000000e-02   1.0000000000000000e-02   1.0000000000000000e-02   1.0000000000000000e-02   1.0000000000000000e-02   1.0000000000000000e-02   1.0000000000000000e-02   1.0000000000000000e-02   1.0000000000000000e-02   1.0000000000000000e-02   1.0000000000000000e-02   1.0000000000000000e-02   1.0000000000000000e-02   1.0000000000000000e-02   1.0000000000000000e-02   1.0000000000000000e-02   1.0000000000000000e-02   1.0000000000000000e-02   1.0000000000000000e-02   1.0000000000000000e-02   1.0000000000000000e-02   1.0000000000000000e-02   1.0000000000000000e-02   1.0000000000000000e-02   1.7400000000000000e+00   1.7400000000000000e+00   1.7400000000000000e+00   1.7400000000000000e+00   1.7400000000000000e+00   1.7400000000000000e+00   1.0000000000000000e-02   1.0000000000000000e-02   1.0000000000000000e-02   1.0000000000000000e-02   1.0000000000000000e-02   1.0000000000000000e-02   1.0000000000000000e-02   1.0000000000000000e-02   1.0000000000000000e-02   1.0000000000000000e-02   1.0000000000000000e-02   1.0000000000000000e-02   1.0000000000000000e-02   1.0000000000000000e-02   1.0000000000000000e-02   1.0000000000000000e-02   1.0000000000000000e-02   1.0000000000000000e-02   1.0000000000000000e-02   1.0000000000000000e-02   1.0000000000000000e-02   1.0000000000000000e-02   1.0000000000000000e-02   1.0000000000000000e-02   1.0000000000000000e-02   1.0000000000000000e-02   1.0000000000000000e-02   1.0000000000000000e-02   1.0000000000000000e-02   1.0000000000000000e-02   1.0000000000000000e-02   1.0000000000000000e-02   1.0000000000000000e-02   1.0000000000000000e-02   1.0000000000000000e-02   1.0000000000000000e-02   1.0000000000000000e-02   1.0000000000000000e-02   1.7400000000000000e+00   1.7400000000000000e+00   1.7400000000000000e+00   1.7400000000000000e+00   1.7400000000000000e+00   1.7400000000000000e+00   1.7400000000000000e+00   1.7400000000000000e+00   1.7400000000000000e+00   1.7400000000000000e+00   1.7400000000000000e+00   1.7400000000000000e+00   1.0000000000000000e-02   1.0000000000000000e-02   1.0000000000000000e-02   1.0000000000000000e-02   1.0000000000000000e-02   1.0000000000000000e-02   1.0000000000000000e-02   1.0000000000000000e-02   1.0000000000000000e-02   1.0000000000000000e-02   1.0000000000000000e-02   1.0000000000000000e-02   1.0000000000000000e-02   1.0000000000000000e-02   1.0000000000000000e-02   1.0000000000000000e-02   1.0000000000000000e-02   1.0000000000000000e-02   1.0000000000000000e-02   1.0000000000000000e-02   1.0000000000000000e-02   1.0000000000000000e-02   1.0000000000000000e-02   1.0000000000000000e-02   1.7400000000000000e+00   1.7400000000000000e+00   1.7400000000000000e+00   1.7400000000000000e+00   1.7400000000000000e+00   1.7400000000000000e+00   1.0000000000000000e-02   1.0000000000000000e-02   1.0000000000000000e-02   1.0000000000000000e-02   1.0000000000000000e-02   1.0000000000000000e-02   1.0000000000000000e-02   1.0000000000000000e-02   1.0000000000000000e-02   1.0000000000000000e-02   1.0000000000000000e-02   1.0000000000000000e-02   1.0000000000000000e-02   1.0000000000000000e-02   1.0000000000000000e-02   1.0000000000000000e-02   1.0000000000000000e-02   1.0000000000000000e-02   1.0000000000000000e-02   1.0000000000000000e-02   1.0000000000000000e-02   1.0000000000000000e-02   1.0000000000000000e-02   1.0000000000000000e-02   1.0000000000000000e-02   1.0000000000000000e-02   1.0000000000000000e-02   1.0000000000000000e-02   1.0000000000000000e-02   1.0000000000000000e-02   1.0000000000000000e-02   1.0000000000000000e-02   1.0000000000000000e-02   1.0000000000000000e-02   1.0000000000000000e-02   1.0000000000000000e-02   1.0000000000000000e-02   1.0000000000000000e-02   1.7400000000000000e+00   1.7400000000000000e+00   1.7400000000000000e+00   1.7400000000000000e+00   1.7400000000000000e+00   1.7400000000000000e+00   1.7400000000000000e+00   1.7400000000000000e+00   1.7400000000000000e+00   1.7400000000000000e+00   1.7400000000000000e+00   1.7400000000000000e+00   1.0000000000000000e-02   1.0000000000000000e-02   1.0000000000000000e-02   1.0000000000000000e-02   1.0000000000000000e-02   1.0000000000000000e-02   1.0000000000000000e-02   1.0000000000000000e-02   1.0000000000000000e-02   1.0000000000000000e-02   1.0000000000000000e-02   1.0000000000000000e-02   1.0000000000000000e-02   1.0000000000000000e-02   1.0000000000000000e-02   1.0000000000000000e-02   1.0000000000000000e-02   1.0000000000000000e-02   1.0000000000000000e-02   1.0000000000000000e-02   1.0000000000000000e-02   1.0000000000000000e-02   1.0000000000000000e-02   1.0000000000000000e-02   1.7400000000000000e+00   1.7400000000000000e+00   1.7400000000000000e+00   1.7400000000000000e+00   1.7400000000000000e+00   1.7400000000000000e+00   1.0000000000000000e-02   1.0000000000000000e-02   1.0000000000000000e-02   1.0000000000000000e-02   1.0000000000000000e-02   1.0000000000000000e-02   1.0000000000000000e-02   1.0000000000000000e-02   1.0000000000000000e-02   1.0000000000000000e-02   1.0000000000000000e-02   1.0000000000000000e-02   1.0000000000000000e-02   1.0000000000000000e-02   1.0000000000000000e-02   1.0000000000000000e-02   1.0000000000000000e-02   1.0000000000000000e-02   1.0000000000000000e-02   1.0000000000000000e-02   1.0000000000000000e-02   1.0000000000000000e-02   1.0000000000000000e-02   1.0000000000000000e-02   1.0000000000000000e-02   1.0000000000000000e-02   1.0000000000000000e-02   1.0000000000000000e-02   1.0000000000000000e-02   1.0000000000000000e-02   1.0000000000000000e-02   1.0000000000000000e-02   1.0000000000000000e-02   1.0000000000000000e-02   1.0000000000000000e-02   1.0000000000000000e-02   1.0000000000000000e-02   1.0000000000000000e-02   1.7400000000000000e+00   1.7400000000000000e+00   1.7400000000000000e+00   1.7400000000000000e+00   1.7400000000000000e+00   1.7400000000000000e+00   1.7400000000000000e+00   1.7400000000000000e+00   1.7400000000000000e+00   1.7400000000000000e+00   1.7400000000000000e+00   1.7400000000000000e+00   1.0000000000000000e-02   1.0000000000000000e-02   1.0000000000000000e-02   1.0000000000000000e-02   1.0000000000000000e-02   1.0000000000000000e-02   1.0000000000000000e-02   1.0000000000000000e-02   1.0000000000000000e-02   1.0000000000000000e-02   1.0000000000000000e-02   1.0000000000000000e-02   1.0000000000000000e-02   1.0000000000000000e-02   1.0000000000000000e-02   1.0000000000000000e-02   1.0000000000000000e-02   1.0000000000000000e-02   1.0000000000000000e-02   1.0000000000000000e-02   1.0000000000000000e-02   1.0000000000000000e-02   1.0000000000000000e-02   1.0000000000000000e-02   1.7400000000000000e+00   1.7400000000000000e+00   1.7400000000000000e+00   1.7400000000000000e+00   1.7400000000000000e+00   1.7400000000000000e+00   5.7660205292342293e-01   1.0000000000000000e-02   1.0000000000000000e-02   1.0000000000000000e-02   1.0000000000000000e-02   1.0000000000000000e-02   1.0000000000000000e-02   1.0000000000000000e-02   1.0000000000000000e-02   1.0000000000000000e-02   1.0000000000000000e-02   1.0000000000000000e-02   1.0000000000000000e-02   1.0000000000000000e-02   1.0000000000000000e-02   1.0000000000000000e-02   1.0000000000000000e-02   1.0000000000000000e-02   1.0000000000000000e-02   1.0000000000000000e-02   1.0000000000000000e-02   1.0000000000000000e-02   1.0000000000000000e-02   1.0000000000000000e-02   1.0000000000000000e-02   1.0000000000000000e-02   1.0000000000000000e-02   1.0000000000000000e-02   1.0000000000000000e-02   1.0000000000000000e-02   1.0000000000000000e-02   1.0000000000000000e-02   1.0000000000000000e-02   1.0000000000000000e-02   1.0000000000000000e-02   1.0000000000000000e-02   1.0000000000000000e-02   1.0000000000000000e-02   1.7400000000000000e+00   1.7400000000000000e+00   1.7400000000000000e+00   1.7400000000000000e+00   1.7400000000000000e+00   1.7400000000000000e+00   1.7400000000000000e+00   1.7400000000000000e+00   1.7400000000000000e+00   1.7400000000000000e+00   1.7400000000000000e+00   1.7400000000000000e+00   1.0000000000000000e-02   1.0000000000000000e-02   1.0000000000000000e-02   1.0000000000000000e-02   1.0000000000000000e-02   1.0000000000000000e-02   1.0000000000000000e-02   1.0000000000000000e-02   1.0000000000000000e-02   1.0000000000000000e-02   1.0000000000000000e-02   1.0000000000000000e-02   1.0000000000000000e-02   1.0000000000000000e-02   1.0000000000000000e-02   1.0000000000000000e-02   1.0000000000000000e-02   1.0000000000000000e-02   1.0000000000000000e-02   1.0000000000000000e-02   1.0000000000000000e-02   1.0000000000000000e-02   1.0000000000000000e-02   1.0000000000000000e-02   1.7400000000000000e+00   1.7400000000000000e+00   1.7400000000000000e+00   1.7400000000000000e+00   1.7400000000000000e+00   1.7400000000000000e+00   1.0176009886431279e+00   1.0000000000000000e-02   1.0000000000000000e-02   1.0000000000000000e-02   1.0000000000000000e-02   1.0000000000000000e-02   1.0000000000000000e-02   1.0000000000000000e-02   1.0000000000000000e-02   1.0000000000000000e-02   1.0000000000000000e-02   1.0000000000000000e-02   1.0000000000000000e-02   1.0000000000000000e-02   1.0000000000000000e-02   1.0000000000000000e-02   1.0000000000000000e-02   1.0000000000000000e-02   1.0000000000000000e-02   1.0000000000000000e-02   1.0000000000000000e-02   1.0000000000000000e-02   1.0000000000000000e-02   1.0000000000000000e-02   1.0000000000000000e-02   1.0000000000000000e-02   1.0000000000000000e-02   1.0000000000000000e-02   1.0000000000000000e-02   1.0000000000000000e-02   1.0000000000000000e-02   1.0000000000000000e-02   1.0000000000000000e-02   1.0000000000000000e-02   1.0000000000000000e-02   1.0000000000000000e-02   1.0000000000000000e-02   1.0000000000000000e-02   1.7400000000000000e+00   1.7400000000000000e+00   1.7400000000000000e+00   1.7400000000000000e+00   1.7400000000000000e+00   1.7400000000000000e+00   1.7400000000000000e+00   1.7400000000000000e+00   1.7400000000000000e+00   1.7400000000000000e+00   1.7400000000000000e+00   1.7400000000000000e+00   1.0000000000000000e-02   1.0000000000000000e-02   1.0000000000000000e-02   1.0000000000000000e-02   1.0000000000000000e-02   1.0000000000000000e-02   1.0000000000000000e-02   1.0000000000000000e-02   1.0000000000000000e-02   1.0000000000000000e-02   1.0000000000000000e-02   1.0000000000000000e-02   1.0000000000000000e-02   1.0000000000000000e-02   1.0000000000000000e-02   1.0000000000000000e-02   1.0000000000000000e-02   1.0000000000000000e-02   1.0000000000000000e-02   1.0000000000000000e-02   1.0000000000000000e-02   1.0000000000000000e-02   1.0000000000000000e-02   1.0000000000000000e-02   1.7400000000000000e+00   1.7400000000000000e+00   1.7400000000000000e+00   1.7400000000000000e+00   1.7400000000000000e+00   1.7400000000000000e+00   1.4577167372491449e+00   1.0000000000000000e-02   1.0000000000000000e-02   1.0000000000000000e-02   1.0000000000000000e-02   1.0000000000000000e-02   1.0000000000000000e-02   1.0000000000000000e-02   1.0000000000000000e-02   1.0000000000000000e-02   1.0000000000000000e-02   1.0000000000000000e-02   1.0000000000000000e-02   1.0000000000000000e-02   1.0000000000000000e-02   1.0000000000000000e-02   1.0000000000000000e-02   1.0000000000000000e-02   1.0000000000000000e-02   1.0000000000000000e-02   1.0000000000000000e-02   1.0000000000000000e-02   1.0000000000000000e-02   1.0000000000000000e-02   1.0000000000000000e-02   1.0000000000000000e-02   1.0000000000000000e-02   1.0000000000000000e-02   1.0000000000000000e-02   1.0000000000000000e-02   1.0000000000000000e-02   1.0000000000000000e-02   1.0000000000000000e-02   1.0000000000000000e-02   1.0000000000000000e-02   1.0000000000000000e-02   1.0000000000000000e-02   1.0000000000000000e-02   1.7400000000000000e+00   1.7400000000000000e+00   1.7400000000000000e+00   1.7400000000000000e+00   1.7400000000000000e+00   1.7400000000000000e+00   1.7400000000000000e+00   1.7400000000000000e+00   1.7400000000000000e+00   1.7400000000000000e+00   1.7400000000000000e+00   1.7400000000000000e+00   1.0000000000000000e-02   1.0000000000000000e-02   1.0000000000000000e-02   1.0000000000000000e-02   1.0000000000000000e-02   1.0000000000000000e-02   1.0000000000000000e-02   1.0000000000000000e-02   1.0000000000000000e-02   1.0000000000000000e-02   1.0000000000000000e-02   1.0000000000000000e-02   1.0000000000000000e-02   1.0000000000000000e-02   1.0000000000000000e-02   1.0000000000000000e-02   1.0000000000000000e-02   1.0000000000000000e-02   1.0000000000000000e-02   1.0000000000000000e-02   1.0000000000000000e-02   1.0000000000000000e-02   1.0000000000000000e-02   1.1058682149211558e+00   1.7400000000000000e+00   1.7400000000000000e+00   1.7400000000000000e+00   1.7400000000000000e+00   1.7400000000000000e+00   1.7400000000000000e+00   1.0000000000000000e-02   1.7400000000000000e+00   1.0000000000000000e-02   1.0000000000000000e-02   1.0000000000000000e-02   1.0000000000000000e-02   1.0000000000000000e-02   1.0000000000000000e-02   1.0000000000000000e-02   1.0000000000000000e-02   1.0000000000000000e-02   1.0000000000000000e-02   1.0000000000000000e-02   1.0000000000000000e-02   1.0000000000000000e-02   1.0000000000000000e-02   1.0000000000000000e-02   1.0000000000000000e-02   1.0000000000000000e-02   1.0000000000000000e-02   1.0000000000000000e-02   1.0000000000000000e-02   1.0000000000000000e-02   1.0000000000000000e-02   1.0000000000000000e-02   1.0000000000000000e-02   1.0000000000000000e-02   1.0000000000000000e-02   1.0000000000000000e-02   1.0000000000000000e-02   1.0000000000000000e-02   1.0000000000000000e-02   1.0000000000000000e-02   1.0000000000000000e-02   1.0000000000000000e-02   1.0000000000000000e-02   1.0000000000000000e-02   1.0000000000000000e-02   1.7400000000000000e+00   1.7400000000000000e+00   1.7400000000000000e+00   1.7400000000000000e+00   1.7400000000000000e+00   1.7400000000000000e+00   1.7400000000000000e+00   1.7400000000000000e+00   1.7400000000000000e+00   1.7400000000000000e+00   1.7400000000000000e+00   1.7400000000000000e+00   1.0000000000000000e-02   1.0000000000000000e-02   1.0000000000000000e-02   1.0000000000000000e-02   1.0000000000000000e-02   1.0000000000000000e-02   1.0000000000000000e-02   1.0000000000000000e-02   1.0000000000000000e-02   1.0000000000000000e-02   1.0000000000000000e-02   1.0000000000000000e-02   1.0000000000000000e-02   1.0000000000000000e-02   1.0000000000000000e-02   1.0000000000000000e-02   1.0000000000000000e-02   1.0000000000000000e-02   1.0000000000000000e-02   1.0000000000000000e-02   1.0000000000000000e-02   1.0000000000000000e-02   1.0000000000000000e-02   1.7400000000000000e+00   1.0000000000000000e-02   1.7400000000000000e+00   1.7400000000000000e+00   1.7400000000000000e+00   1.7400000000000000e+00   1.7400000000000000e+00   1.0000000000000000e-02   1.7400000000000000e+00   1.0000000000000000e-02   1.0000000000000000e-02   1.0000000000000000e-02   1.0000000000000000e-02   1.0000000000000000e-02   1.0000000000000000e-02   1.0000000000000000e-02   1.0000000000000000e-02   1.0000000000000000e-02   1.0000000000000000e-02   1.0000000000000000e-02   1.0000000000000000e-02   1.0000000000000000e-02   1.0000000000000000e-02   1.0000000000000000e-02   1.0000000000000000e-02   1.0000000000000000e-02   1.0000000000000000e-02   1.0000000000000000e-02   1.0000000000000000e-02   1.0000000000000000e-02   1.0000000000000000e-02   1.0000000000000000e-02   1.0000000000000000e-02   1.0000000000000000e-02   1.0000000000000000e-02   1.0000000000000000e-02   1.0000000000000000e-02   1.0000000000000000e-02   1.0000000000000000e-02   1.0000000000000000e-02   1.0000000000000000e-02   1.0000000000000000e-02   1.0000000000000000e-02   1.0000000000000000e-02   1.0000000000000000e-02   1.7400000000000000e+00   1.7400000000000000e+00   1.7400000000000000e+00   1.7400000000000000e+00   1.7400000000000000e+00   1.7400000000000000e+00   1.7400000000000000e+00   1.7400000000000000e+00   1.7400000000000000e+00   1.7400000000000000e+00   1.7400000000000000e+00   1.7400000000000000e+00   1.0000000000000000e-02   1.0000000000000000e-02   1.0000000000000000e-02   1.0000000000000000e-02   1.0000000000000000e-02   1.0000000000000000e-02   1.0000000000000000e-02   1.0000000000000000e-02   1.0000000000000000e-02   1.0000000000000000e-02   1.0000000000000000e-02   1.0000000000000000e-02   1.0000000000000000e-02   1.0000000000000000e-02   1.0000000000000000e-02   1.0000000000000000e-02   1.0000000000000000e-02   1.0000000000000000e-02   1.0000000000000000e-02   1.0000000000000000e-02   1.0000000000000000e-02   1.0000000000000000e-02   1.0000000000000000e-02   1.7400000000000000e+00   1.0000000000000000e-02   1.7400000000000000e+00   1.7400000000000000e+00   1.7400000000000000e+00   1.7400000000000000e+00   1.7400000000000000e+00   1.0000000000000000e-02   1.7400000000000000e+00   1.0000000000000000e-02   1.0000000000000000e-02   1.0000000000000000e-02   1.0000000000000000e-02   1.0000000000000000e-02   1.0000000000000000e-02   1.0000000000000000e-02   1.0000000000000000e-02   1.0000000000000000e-02   1.0000000000000000e-02   1.0000000000000000e-02   1.0000000000000000e-02   1.0000000000000000e-02   1.0000000000000000e-02   1.0000000000000000e-02   1.0000000000000000e-02   1.0000000000000000e-02   1.0000000000000000e-02   1.0000000000000000e-02   1.0000000000000000e-02   1.0000000000000000e-02   1.0000000000000000e-02   1.0000000000000000e-02   1.0000000000000000e-02   1.0000000000000000e-02   1.0000000000000000e-02   1.0000000000000000e-02   1.0000000000000000e-02   1.0000000000000000e-02   1.0000000000000000e-02   1.0000000000000000e-02   1.0000000000000000e-02   1.0000000000000000e-02   1.0000000000000000e-02   1.0000000000000000e-02   1.0000000000000000e-02   1.7400000000000000e+00   1.7400000000000000e+00   1.7400000000000000e+00   1.7400000000000000e+00   1.7400000000000000e+00   1.7400000000000000e+00   1.7400000000000000e+00   1.7400000000000000e+00   1.7400000000000000e+00   1.7400000000000000e+00   1.7400000000000000e+00   1.7400000000000000e+00   6.5259457426879230e-01   1.0000000000000000e-02   1.0000000000000000e-02   1.0000000000000000e-02   1.0000000000000000e-02   1.0000000000000000e-02   1.0000000000000000e-02   1.0000000000000000e-02   1.0000000000000000e-02   1.0000000000000000e-02   1.0000000000000000e-02   1.0000000000000000e-02   1.0000000000000000e-02   1.0000000000000000e-02   1.0000000000000000e-02   1.0000000000000000e-02   1.0000000000000000e-02   1.0000000000000000e-02   1.0000000000000000e-02   1.0000000000000000e-02   1.0000000000000000e-02   1.0000000000000000e-02   1.0000000000000000e-02   1.7400000000000000e+00   1.0000000000000000e-02   1.7400000000000000e+00   1.0000000000000000e-02   1.7400000000000000e+00   1.7400000000000000e+00   1.7400000000000000e+00   1.0000000000000000e-02   1.7400000000000000e+00   1.0000000000000000e-02   1.0000000000000000e-02   1.0000000000000000e-02   1.0000000000000000e-02   1.0000000000000000e-02   1.0000000000000000e-02   1.0000000000000000e-02   1.0000000000000000e-02   1.0000000000000000e-02   1.0000000000000000e-02   1.0000000000000000e-02   1.0000000000000000e-02   1.0000000000000000e-02   1.0000000000000000e-02   1.0000000000000000e-02   1.0000000000000000e-02   1.0000000000000000e-02   1.0000000000000000e-02   1.0000000000000000e-02   1.0000000000000000e-02   1.0000000000000000e-02   1.0000000000000000e-02   1.0000000000000000e-02   1.0000000000000000e-02   1.0000000000000000e-02   1.0000000000000000e-02   1.0000000000000000e-02   1.0000000000000000e-02   1.0000000000000000e-02   1.0000000000000000e-02   1.0000000000000000e-02   1.0000000000000000e-02   1.0000000000000000e-02   1.0000000000000000e-02   1.0000000000000000e-02   8.9139865064521406e-01   1.7400000000000000e+00   1.7400000000000000e+00   1.7400000000000000e+00   1.7400000000000000e+00   1.7400000000000000e+00   1.7400000000000000e+00   1.7400000000000000e+00   1.7400000000000000e+00   1.7400000000000000e+00   1.7400000000000000e+00   1.7400000000000000e+00   1.7400000000000000e+00   1.3534305896097043e+00   1.0000000000000000e-02   1.0000000000000000e-02   1.0000000000000000e-02   1.0000000000000000e-02   1.0000000000000000e-02   1.0000000000000000e-02   1.0000000000000000e-02   1.0000000000000000e-02   1.0000000000000000e-02   1.0000000000000000e-02   1.0000000000000000e-02   1.0000000000000000e-02   1.0000000000000000e-02   1.0000000000000000e-02   1.0000000000000000e-02   1.0000000000000000e-02   1.0000000000000000e-02   1.0000000000000000e-02   1.0000000000000000e-02   1.0000000000000000e-02   1.0000000000000000e-02   1.0000000000000000e-02   1.7400000000000000e+00   1.0000000000000000e-02   1.7400000000000000e+00   1.0000000000000000e-02   1.7400000000000000e+00   1.7400000000000000e+00   1.7400000000000000e+00   1.7400000000000000e+00   1.7400000000000000e+00   1.0000000000000000e-02   1.0000000000000000e-02   1.0000000000000000e-02   1.0000000000000000e-02   1.0000000000000000e-02   1.0000000000000000e-02   1.0000000000000000e-02   1.0000000000000000e-02   1.0000000000000000e-02   1.0000000000000000e-02   1.0000000000000000e-02   1.0000000000000000e-02   1.0000000000000000e-02   1.0000000000000000e-02   1.0000000000000000e-02   1.0000000000000000e-02   1.0000000000000000e-02   1.0000000000000000e-02   1.0000000000000000e-02   1.0000000000000000e-02   1.0000000000000000e-02   1.0000000000000000e-02   1.0000000000000000e-02   1.0000000000000000e-02   1.0000000000000000e-02   1.0000000000000000e-02   1.0000000000000000e-02   1.0000000000000000e-02   1.0000000000000000e-02   1.0000000000000000e-02   1.0000000000000000e-02   1.0000000000000000e-02   1.0000000000000000e-02   1.0000000000000000e-02   1.0000000000000000e-02   1.7400000000000000e+00   1.7400000000000000e+00   1.7400000000000000e+00   1.7400000000000000e+00   1.7400000000000000e+00   1.7400000000000000e+00   1.7400000000000000e+00   1.7400000000000000e+00   1.7400000000000000e+00   1.7400000000000000e+00   1.7400000000000000e+00   1.7400000000000000e+00   1.0000000000000000e-02   1.7400000000000000e+00   1.0000000000000000e-02   1.0000000000000000e-02   1.0000000000000000e-02   1.0000000000000000e-02   1.0000000000000000e-02   1.0000000000000000e-02   1.0000000000000000e-02   1.0000000000000000e-02   1.0000000000000000e-02   1.0000000000000000e-02   1.0000000000000000e-02   1.0000000000000000e-02   1.0000000000000000e-02   1.0000000000000000e-02   1.0000000000000000e-02   1.0000000000000000e-02   1.0000000000000000e-02   1.0000000000000000e-02   1.0000000000000000e-02   1.0000000000000000e-02   1.0000000000000000e-02   1.0000000000000000e-02   1.7400000000000000e+00   1.0000000000000000e-02   1.7400000000000000e+00   1.0000000000000000e-02   1.7400000000000000e+00   1.0000000000000000e-02   1.7400000000000000e+00   1.7400000000000000e+00   1.7400000000000000e+00   1.0000000000000000e-02   1.0000000000000000e-02   1.0000000000000000e-02   1.0000000000000000e-02   1.0000000000000000e-02   1.0000000000000000e-02   1.0000000000000000e-02   1.0000000000000000e-02   1.0000000000000000e-02   1.0000000000000000e-02   1.0000000000000000e-02   1.0000000000000000e-02   1.0000000000000000e-02   1.0000000000000000e-02   1.0000000000000000e-02   1.0000000000000000e-02   1.0000000000000000e-02   1.0000000000000000e-02   1.0000000000000000e-02   1.0000000000000000e-02   1.0000000000000000e-02   1.0000000000000000e-02   1.0000000000000000e-02   1.0000000000000000e-02   1.0000000000000000e-02   1.0000000000000000e-02   1.0000000000000000e-02   1.0000000000000000e-02   1.0000000000000000e-02   1.0000000000000000e-02   1.0000000000000000e-02   1.0000000000000000e-02   1.0000000000000000e-02   1.0000000000000000e-02   1.0000000000000000e-02   1.7400000000000000e+00   1.7400000000000000e+00   1.7400000000000000e+00   1.7400000000000000e+00   1.7400000000000000e+00   1.7400000000000000e+00   1.7400000000000000e+00   1.7400000000000000e+00   1.7400000000000000e+00   1.7400000000000000e+00   1.7400000000000000e+00   1.7400000000000000e+00   1.0000000000000000e-02   1.7400000000000000e+00   1.0000000000000000e-02   1.0000000000000000e-02   1.0000000000000000e-02   1.0000000000000000e-02   1.0000000000000000e-02   1.0000000000000000e-02   1.0000000000000000e-02   1.0000000000000000e-02   1.0000000000000000e-02   1.0000000000000000e-02   1.0000000000000000e-02   1.0000000000000000e-02   1.0000000000000000e-02   1.0000000000000000e-02   1.0000000000000000e-02   1.0000000000000000e-02   1.0000000000000000e-02   1.0000000000000000e-02   1.0000000000000000e-02   1.0000000000000000e-02   1.0000000000000000e-02   1.0000000000000000e-02   1.7400000000000000e+00   1.0000000000000000e-02   1.7400000000000000e+00   1.0000000000000000e-02   1.7400000000000000e+00   1.0000000000000000e-02   1.7400000000000000e+00   1.0000000000000000e-02   1.7400000000000000e+00   1.0000000000000000e-02   9.1734144846911936e-01   1.0000000000000000e-02   1.0000000000000000e-02   1.0000000000000000e-02   1.0000000000000000e-02   1.0000000000000000e-02   1.0000000000000000e-02   1.0000000000000000e-02   1.0000000000000000e-02   1.0000000000000000e-02   1.0000000000000000e-02   1.0000000000000000e-02   1.0000000000000000e-02   1.0000000000000000e-02   1.0000000000000000e-02   1.0000000000000000e-02   1.0000000000000000e-02   1.0000000000000000e-02   1.0000000000000000e-02   1.0000000000000000e-02   1.0000000000000000e-02   1.0000000000000000e-02   1.0000000000000000e-02   1.0000000000000000e-02   1.0000000000000000e-02   1.0000000000000000e-02   1.0000000000000000e-02   1.0000000000000000e-02   1.0000000000000000e-02   1.0000000000000000e-02   1.0000000000000000e-02   1.0000000000000000e-02   1.0000000000000000e-02   1.0000000000000000e-02   1.7400000000000000e+00   1.7400000000000000e+00   1.7400000000000000e+00   1.7400000000000000e+00   1.7400000000000000e+00   1.7400000000000000e+00   1.7400000000000000e+00   1.7400000000000000e+00   1.7400000000000000e+00   1.7400000000000000e+00   1.7400000000000000e+00   1.7400000000000000e+00   1.0000000000000000e-02   1.7400000000000000e+00   1.0000000000000000e-02   9.2590179830657704e-02   1.0000000000000000e-02   1.0000000000000000e-02   1.0000000000000000e-02   1.0000000000000000e-02   1.0000000000000000e-02   1.0000000000000000e-02   1.0000000000000000e-02   1.0000000000000000e-02   1.0000000000000000e-02   1.0000000000000000e-02   1.0000000000000000e-02   1.0000000000000000e-02   1.0000000000000000e-02   1.0000000000000000e-02   1.0000000000000000e-02   1.0000000000000000e-02   1.0000000000000000e-02   1.0000000000000000e-02   1.1450611482722406e+00   1.0000000000000000e-02   1.7400000000000000e+00   1.0000000000000000e-02   1.7400000000000000e+00   1.0000000000000000e-02   1.7400000000000000e+00   1.0000000000000000e-02   1.7400000000000000e+00   1.0000000000000000e-02   1.7400000000000000e+00   1.0000000000000000e-02   1.7400000000000000e+00   1.0000000000000000e-02   1.0000000000000000e-02   1.0000000000000000e-02   1.0000000000000000e-02   1.0000000000000000e-02   1.0000000000000000e-02   1.0000000000000000e-02   1.0000000000000000e-02   1.0000000000000000e-02   1.0000000000000000e-02   1.0000000000000000e-02   1.0000000000000000e-02   1.0000000000000000e-02   1.0000000000000000e-02   1.0000000000000000e-02   1.0000000000000000e-02   1.0000000000000000e-02   1.0000000000000000e-02   1.0000000000000000e-02   1.0000000000000000e-02   1.0000000000000000e-02   1.0000000000000000e-02   1.0000000000000000e-02   1.0000000000000000e-02   1.0000000000000000e-02   1.0000000000000000e-02   1.0000000000000000e-02   1.0000000000000000e-02   1.0000000000000000e-02   1.0000000000000000e-02   1.0000000000000000e-02   1.0000000000000000e-02   1.0000000000000000e-02   1.7400000000000000e+00   1.7400000000000000e+00   1.7400000000000000e+00   1.7400000000000000e+00   1.7400000000000000e+00   1.7400000000000000e+00   1.7400000000000000e+00   1.7400000000000000e+00   1.7400000000000000e+00   1.7400000000000000e+00   1.7400000000000000e+00   1.7400000000000000e+00   1.0000000000000000e-02   1.7400000000000000e+00   1.0000000000000000e-02   4.1619492078067027e-01   1.0000000000000000e-02   1.0000000000000000e-02   1.0000000000000000e-02   1.0000000000000000e-02   1.0000000000000000e-02   1.0000000000000000e-02   1.0000000000000000e-02   1.0000000000000000e-02   1.0000000000000000e-02   1.0000000000000000e-02   1.0000000000000000e-02   1.0000000000000000e-02   1.0000000000000000e-02   1.0000000000000000e-02   1.0000000000000000e-02   1.0000000000000000e-02   1.0000000000000000e-02   1.0000000000000000e-02   1.3951376431286437e+00   1.0000000000000000e-02   1.7400000000000000e+00   1.0000000000000000e-02   1.7400000000000000e+00   1.0000000000000000e-02   1.7400000000000000e+00   1.0000000000000000e-02   1.7400000000000000e+00   1.0000000000000000e-02   1.7400000000000000e+00   1.0000000000000000e-02   1.7400000000000000e+00   1.0000000000000000e-02   1.0000000000000000e-02   1.0000000000000000e-02   1.0000000000000000e-02   1.0000000000000000e-02   1.0000000000000000e-02   1.0000000000000000e-02   1.0000000000000000e-02   1.0000000000000000e-02   1.0000000000000000e-02   1.0000000000000000e-02   1.0000000000000000e-02   1.0000000000000000e-02   1.0000000000000000e-02   1.0000000000000000e-02   1.0000000000000000e-02   1.0000000000000000e-02   1.0000000000000000e-02   1.0000000000000000e-02   1.0000000000000000e-02   1.0000000000000000e-02   1.0000000000000000e-02   1.0000000000000000e-02   1.0000000000000000e-02   1.0000000000000000e-02   1.0000000000000000e-02   1.0000000000000000e-02   1.0000000000000000e-02   1.0000000000000000e-02   1.0000000000000000e-02   1.0000000000000000e-02   1.0000000000000000e-02   1.0000000000000000e-02   1.7400000000000000e+00   1.7400000000000000e+00   1.7400000000000000e+00   1.7400000000000000e+00   1.7400000000000000e+00   1.7400000000000000e+00   1.7400000000000000e+00   1.7400000000000000e+00   1.7400000000000000e+00   1.7400000000000000e+00   1.7400000000000000e+00   1.7400000000000000e+00   1.0000000000000000e-02   1.7400000000000000e+00   1.0000000000000000e-02   4.1819246575412006e-01   1.0000000000000000e-02   1.0000000000000000e-02   1.0000000000000000e-02   1.0000000000000000e-02   1.0000000000000000e-02   1.0000000000000000e-02   1.0000000000000000e-02   1.0000000000000000e-02   1.0000000000000000e-02   1.0000000000000000e-02   1.0000000000000000e-02   1.0000000000000000e-02   1.0000000000000000e-02   1.0000000000000000e-02   1.0000000000000000e-02   1.0000000000000000e-02   1.0000000000000000e-02   1.0000000000000000e-02   1.6206722739489916e+00   1.0000000000000000e-02   1.7400000000000000e+00   1.0000000000000000e-02   1.7400000000000000e+00   1.0000000000000000e-02   1.7400000000000000e+00   1.0000000000000000e-02   1.7400000000000000e+00   1.0000000000000000e-02   1.7400000000000000e+00   1.0000000000000000e-02   1.7400000000000000e+00   1.0000000000000000e-02   1.0000000000000000e-02   1.0000000000000000e-02   1.0000000000000000e-02   1.0000000000000000e-02   1.0000000000000000e-02   1.0000000000000000e-02   1.0000000000000000e-02   1.0000000000000000e-02   1.0000000000000000e-02   1.0000000000000000e-02   1.0000000000000000e-02   1.0000000000000000e-02   1.0000000000000000e-02   1.0000000000000000e-02   1.0000000000000000e-02   1.0000000000000000e-02   1.0000000000000000e-02   1.0000000000000000e-02   1.0000000000000000e-02   1.0000000000000000e-02   1.0000000000000000e-02   1.0000000000000000e-02   1.0000000000000000e-02   1.0000000000000000e-02   1.0000000000000000e-02   1.0000000000000000e-02   1.0000000000000000e-02   1.0000000000000000e-02   1.0000000000000000e-02   1.0000000000000000e-02   1.0000000000000000e-02   1.0000000000000000e-02   1.7400000000000000e+00   1.7400000000000000e+00   1.7400000000000000e+00   1.7400000000000000e+00   1.7400000000000000e+00   1.7400000000000000e+00   1.7400000000000000e+00   1.7400000000000000e+00   1.7400000000000000e+00   1.7400000000000000e+00   1.7400000000000000e+00   1.7400000000000000e+00   1.0000000000000000e-02   1.7400000000000000e+00   1.0000000000000000e-02   6.5072120565543601e-01   1.0000000000000000e-02   1.0000000000000000e-02   1.0000000000000000e-02   1.0000000000000000e-02   1.0000000000000000e-02   1.0000000000000000e-02   1.0000000000000000e-02   1.0000000000000000e-02   1.0000000000000000e-02   1.0000000000000000e-02   1.0000000000000000e-02   1.0000000000000000e-02   1.0000000000000000e-02   1.0000000000000000e-02   1.0000000000000000e-02   1.0000000000000000e-02   1.0000000000000000e-02   1.0000000000000000e-02   1.7400000000000000e+00   1.0000000000000000e-02   1.7400000000000000e+00   1.0000000000000000e-02   1.7400000000000000e+00   1.0000000000000000e-02   1.7400000000000000e+00   1.0000000000000000e-02   1.7400000000000000e+00   1.0000000000000000e-02   1.7400000000000000e+00   1.0000000000000000e-02   1.7400000000000000e+00   1.0000000000000000e-02   1.0000000000000000e-02   1.0000000000000000e-02   1.0000000000000000e-02   1.0000000000000000e-02   1.0000000000000000e-02   1.0000000000000000e-02   1.0000000000000000e-02   1.0000000000000000e-02   1.0000000000000000e-02   1.0000000000000000e-02   1.0000000000000000e-02   1.0000000000000000e-02   1.0000000000000000e-02   1.0000000000000000e-02   1.0000000000000000e-02   1.0000000000000000e-02   1.0000000000000000e-02   1.0000000000000000e-02   1.0000000000000000e-02   1.0000000000000000e-02   1.0000000000000000e-02   1.0000000000000000e-02   1.0000000000000000e-02   1.0000000000000000e-02   1.0000000000000000e-02   1.0000000000000000e-02   1.0000000000000000e-02   1.0000000000000000e-02   1.0000000000000000e-02   1.0000000000000000e-02   1.0000000000000000e-02   1.0000000000000000e-02   1.7400000000000000e+00   1.7400000000000000e+00   1.7400000000000000e+00   1.7400000000000000e+00   1.7400000000000000e+00   1.7400000000000000e+00   1.7400000000000000e+00   1.7400000000000000e+00   1.7400000000000000e+00   1.7400000000000000e+00   6.0889744272778479e-01   1.7400000000000000e+00   1.0000000000000000e-02   1.7400000000000000e+00   1.0000000000000000e-02   9.1478868799958479e-01   1.0000000000000000e-02   1.0000000000000000e-02   1.0000000000000000e-02   1.0000000000000000e-02   1.0000000000000000e-02   1.0000000000000000e-02   1.0000000000000000e-02   1.0000000000000000e-02   1.0000000000000000e-02   1.0000000000000000e-02   1.0000000000000000e-02   1.0000000000000000e-02   1.0000000000000000e-02   1.0000000000000000e-02   1.0000000000000000e-02   1.0000000000000000e-02   1.0000000000000000e-02   1.0000000000000000e-02   1.7400000000000000e+00   1.0000000000000000e-02   1.7400000000000000e+00   1.0000000000000000e-02   1.7400000000000000e+00   1.0000000000000000e-02   1.7400000000000000e+00   1.0000000000000000e-02   1.7400000000000000e+00   1.0000000000000000e-02   1.7400000000000000e+00   1.0000000000000000e-02   1.7400000000000000e+00   1.0000000000000000e-02   6.3547258402485762e-01   1.0000000000000000e-02   1.0000000000000000e-02   1.0000000000000000e-02   1.0000000000000000e-02   1.0000000000000000e-02   1.0000000000000000e-02   1.0000000000000000e-02   1.0000000000000000e-02   1.0000000000000000e-02   1.0000000000000000e-02   1.0000000000000000e-02   1.0000000000000000e-02   1.0000000000000000e-02   1.0000000000000000e-02   1.0000000000000000e-02   1.0000000000000000e-02   1.0000000000000000e-02   1.0000000000000000e-02   1.0000000000000000e-02   1.0000000000000000e-02   1.0000000000000000e-02   1.0000000000000000e-02   1.0000000000000000e-02   1.0000000000000000e-02   1.0000000000000000e-02   1.0000000000000000e-02   1.0000000000000000e-02   1.0000000000000000e-02   1.0000000000000000e-02   1.0847279452189034e+00   1.0000000000000000e-02   1.7400000000000000e+00   1.7400000000000000e+00   1.7400000000000000e+00   1.7400000000000000e+00   1.7400000000000000e+00   1.7400000000000000e+00   1.7400000000000000e+00   1.7400000000000000e+00   1.7400000000000000e+00   1.7400000000000000e+00   1.0000000000000000e-02   1.7400000000000000e+00   1.0000000000000000e-02   1.7400000000000000e+00   1.0000000000000000e-02   1.7400000000000000e+00   1.0000000000000000e-02   1.0000000000000000e-02   1.0000000000000000e-02   1.0000000000000000e-02   1.0000000000000000e-02   1.0000000000000000e-02   1.0000000000000000e-02   1.0000000000000000e-02   1.0000000000000000e-02   1.0000000000000000e-02   1.0000000000000000e-02   1.0000000000000000e-02   1.0000000000000000e-02   1.0000000000000000e-02   1.0000000000000000e-02   1.0000000000000000e-02   1.0000000000000000e-02   1.0000000000000000e-02   1.7400000000000000e+00   1.0000000000000000e-02   1.7400000000000000e+00   1.0000000000000000e-02   1.7400000000000000e+00   1.0000000000000000e-02   1.7400000000000000e+00   1.0000000000000000e-02   1.7400000000000000e+00   1.0000000000000000e-02   1.7400000000000000e+00   1.0000000000000000e-02   1.7400000000000000e+00   1.0000000000000000e-02   1.7400000000000000e+00   1.0000000000000000e-02   1.0000000000000000e-02   1.0000000000000000e-02   1.0000000000000000e-02   1.0000000000000000e-02   1.0000000000000000e-02   1.0000000000000000e-02   1.0000000000000000e-02   1.0000000000000000e-02   1.0000000000000000e-02   1.0000000000000000e-02   1.0000000000000000e-02   1.0000000000000000e-02   1.0000000000000000e-02   1.0000000000000000e-02   1.0000000000000000e-02   1.0000000000000000e-02   1.0000000000000000e-02   1.0000000000000000e-02   1.0000000000000000e-02   1.0000000000000000e-02   1.0000000000000000e-02   1.0000000000000000e-02   1.0000000000000000e-02   1.0000000000000000e-02   1.0000000000000000e-02   1.0000000000000000e-02   1.0000000000000000e-02   1.0000000000000000e-02   1.4565998954306349e+00   1.0000000000000000e-02   1.7400000000000000e+00   1.7400000000000000e+00   1.7400000000000000e+00   1.7400000000000000e+00   1.7400000000000000e+00   1.7400000000000000e+00   1.7400000000000000e+00   1.7400000000000000e+00   1.7400000000000000e+00   1.7400000000000000e+00   1.0000000000000000e-02   1.7400000000000000e+00   1.0000000000000000e-02   1.7400000000000000e+00   1.0000000000000000e-02   1.7400000000000000e+00   1.0000000000000000e-02   1.0000000000000000e-02   1.0000000000000000e-02   1.0000000000000000e-02   1.0000000000000000e-02   1.0000000000000000e-02   1.0000000000000000e-02   1.0000000000000000e-02   1.0000000000000000e-02   1.0000000000000000e-02   1.0000000000000000e-02   1.0000000000000000e-02   1.0000000000000000e-02   1.0000000000000000e-02   1.0000000000000000e-02   1.0000000000000000e-02   1.0000000000000000e-02   1.0000000000000000e-02   1.7400000000000000e+00   1.0000000000000000e-02   1.7400000000000000e+00   1.0000000000000000e-02   1.7400000000000000e+00   1.0000000000000000e-02   1.7400000000000000e+00   1.0000000000000000e-02   1.7400000000000000e+00   1.0000000000000000e-02   1.7400000000000000e+00   1.0000000000000000e-02   1.7400000000000000e+00   1.0000000000000000e-02   1.7400000000000000e+00   1.0000000000000000e-02   1.0000000000000000e-02   1.0000000000000000e-02   1.0000000000000000e-02   1.0000000000000000e-02   1.0000000000000000e-02   1.0000000000000000e-02   1.0000000000000000e-02   1.0000000000000000e-02   1.0000000000000000e-02   1.0000000000000000e-02   1.0000000000000000e-02   1.0000000000000000e-02   1.0000000000000000e-02   1.0000000000000000e-02   1.0000000000000000e-02   1.0000000000000000e-02   1.0000000000000000e-02   1.0000000000000000e-02   1.0000000000000000e-02   1.0000000000000000e-02   1.0000000000000000e-02   1.0000000000000000e-02   1.0000000000000000e-02   1.0000000000000000e-02   1.0000000000000000e-02   1.0000000000000000e-02   1.0000000000000000e-02   1.0000000000000000e-02   1.7400000000000000e+00   1.0000000000000000e-02   1.7400000000000000e+00   1.0000000000000000e-02   1.7400000000000000e+00   1.7400000000000000e+00   1.7400000000000000e+00   1.7400000000000000e+00   1.7400000000000000e+00   1.7400000000000000e+00   1.7400000000000000e+00   1.7400000000000000e+00   1.0000000000000000e-02   1.7400000000000000e+00   1.0000000000000000e-02   1.7400000000000000e+00   1.0000000000000000e-02   1.7400000000000000e+00   1.0000000000000000e-02   1.0000000000000000e-02   1.0000000000000000e-02   1.0000000000000000e-02   1.0000000000000000e-02   1.0000000000000000e-02   1.0000000000000000e-02   1.0000000000000000e-02   1.0000000000000000e-02   1.0000000000000000e-02   1.0000000000000000e-02   1.0000000000000000e-02   1.0000000000000000e-02   1.0000000000000000e-02   1.0000000000000000e-02   1.0000000000000000e-02   1.0000000000000000e-02   1.0000000000000000e-02   1.7400000000000000e+00   1.0000000000000000e-02   1.7400000000000000e+00   1.0000000000000000e-02   1.7400000000000000e+00   1.0000000000000000e-02   1.7400000000000000e+00   1.0000000000000000e-02   1.7400000000000000e+00   1.0000000000000000e-02   1.7400000000000000e+00   1.0000000000000000e-02   1.7400000000000000e+00   1.0000000000000000e-02   1.7400000000000000e+00   1.0000000000000000e-02   1.0000000000000000e-02   1.0000000000000000e-02   1.0000000000000000e-02   1.0000000000000000e-02   1.0000000000000000e-02   1.0000000000000000e-02   1.0000000000000000e-02   1.0000000000000000e-02   1.0000000000000000e-02   1.0000000000000000e-02   1.0000000000000000e-02   1.0000000000000000e-02   1.0000000000000000e-02   1.0000000000000000e-02   1.0000000000000000e-02   1.0000000000000000e-02   1.0000000000000000e-02   1.0000000000000000e-02   1.0000000000000000e-02   1.0000000000000000e-02   1.0000000000000000e-02   1.0000000000000000e-02   1.0000000000000000e-02   1.0000000000000000e-02   1.0000000000000000e-02   1.0000000000000000e-02   1.0000000000000000e-02   1.0000000000000000e-02   1.7400000000000000e+00   1.0000000000000000e-02   1.7400000000000000e+00   1.0000000000000000e-02   1.7400000000000000e+00   1.7400000000000000e+00   1.7400000000000000e+00   1.2127402473926543e+00   1.7400000000000000e+00   1.7400000000000000e+00   1.7400000000000000e+00   1.7400000000000000e+00   1.0000000000000000e-02   1.7400000000000000e+00   1.0000000000000000e-02   1.7400000000000000e+00   1.0000000000000000e-02   1.7400000000000000e+00   1.0000000000000000e-02   2.6288516706240245e-01   1.0000000000000000e-02   1.0000000000000000e-02   1.0000000000000000e-02   1.0000000000000000e-02   1.0000000000000000e-02   1.0000000000000000e-02   1.0000000000000000e-02   1.0000000000000000e-02   1.0000000000000000e-02   1.0000000000000000e-02   1.0000000000000000e-02   1.0000000000000000e-02   1.0000000000000000e-02   1.0000000000000000e-02   1.0000000000000000e-02   1.0000000000000000e-02   1.7400000000000000e+00   1.0000000000000000e-02   1.7400000000000000e+00   1.0000000000000000e-02   1.7400000000000000e+00   1.0000000000000000e-02   1.7400000000000000e+00   1.0000000000000000e-02   6.0265996087530915e-01   1.0000000000000000e-02   1.1157637056415428e+00   1.0000000000000000e-02   1.7400000000000000e+00   1.0000000000000000e-02   1.7400000000000000e+00   1.0000000000000000e-02   1.0000000000000000e-02   1.0000000000000000e-02   1.0000000000000000e-02   1.0000000000000000e-02   1.0000000000000000e-02   1.0000000000000000e-02   1.0000000000000000e-02   1.0000000000000000e-02   1.0000000000000000e-02   1.0000000000000000e-02   1.0000000000000000e-02   1.0000000000000000e-02   1.0000000000000000e-02   1.0000000000000000e-02   1.0000000000000000e-02   1.0000000000000000e-02   1.0000000000000000e-02   1.0000000000000000e-02   1.0000000000000000e-02   1.0000000000000000e-02   1.0000000000000000e-02   1.0000000000000000e-02   1.0000000000000000e-02   1.0000000000000000e-02   1.0000000000000000e-02   1.0000000000000000e-02   1.0000000000000000e-02   1.0000000000000000e-02   1.7400000000000000e+00   1.0000000000000000e-02   1.7400000000000000e+00   1.0000000000000000e-02   1.7400000000000000e+00   1.7400000000000000e+00   1.7400000000000000e+00   1.0000000000000000e-02   1.7400000000000000e+00   1.7400000000000000e+00   1.7400000000000000e+00   1.7400000000000000e+00   1.0000000000000000e-02   1.7400000000000000e+00   1.0000000000000000e-02   1.7400000000000000e+00   1.0000000000000000e-02   1.7400000000000000e+00   1.0000000000000000e-02   3.2343078948524362e-01   1.0000000000000000e-02   1.0000000000000000e-02   1.0000000000000000e-02   1.0000000000000000e-02   1.0000000000000000e-02   1.0000000000000000e-02   1.0000000000000000e-02   1.0000000000000000e-02   1.0000000000000000e-02   1.0000000000000000e-02   1.0000000000000000e-02   1.0000000000000000e-02   1.0000000000000000e-02   1.0000000000000000e-02   1.0000000000000000e-02   1.0000000000000000e-02   1.7400000000000000e+00   1.0000000000000000e-02   1.7400000000000000e+00   1.0000000000000000e-02   1.7400000000000000e+00   1.0000000000000000e-02   1.7400000000000000e+00   1.0000000000000000e-02   1.0000000000000000e-02   1.0000000000000000e-02   6.8051987296739580e-01   1.0000000000000000e-02   1.6535538593184735e+00   1.0000000000000000e-02   1.7400000000000000e+00   1.0000000000000000e-02   7.9393512580100811e-01   1.0000000000000000e-02   1.0000000000000000e-02   1.0000000000000000e-02   1.0000000000000000e-02   1.0000000000000000e-02   1.0000000000000000e-02   1.0000000000000000e-02   1.0000000000000000e-02   1.0000000000000000e-02   1.0000000000000000e-02   1.0000000000000000e-02   1.0000000000000000e-02   1.0000000000000000e-02   1.0000000000000000e-02   1.0000000000000000e-02   1.0000000000000000e-02   1.0000000000000000e-02   1.0000000000000000e-02   1.0000000000000000e-02   1.0000000000000000e-02   1.0000000000000000e-02   1.0000000000000000e-02   1.0000000000000000e-02   1.0000000000000000e-02   1.0000000000000000e-02   1.0109282340195453e+00   1.0000000000000000e-02   1.7400000000000000e+00   1.0000000000000000e-02   1.7400000000000000e+00   1.0000000000000000e-02   1.7400000000000000e+00   1.7400000000000000e+00   1.7400000000000000e+00   1.0000000000000000e-02   1.7400000000000000e+00   1.7400000000000000e+00   1.7400000000000000e+00   1.7400000000000000e+00   1.0000000000000000e-02   1.7400000000000000e+00   1.0000000000000000e-02   1.7400000000000000e+00   1.0000000000000000e-02   1.7400000000000000e+00   1.0000000000000000e-02   5.6628091024179605e-01   1.0000000000000000e-02   1.0000000000000000e-02   1.0000000000000000e-02   1.0000000000000000e-02   1.0000000000000000e-02   1.0000000000000000e-02   1.0000000000000000e-02   1.0000000000000000e-02   1.0000000000000000e-02   1.0000000000000000e-02   1.0000000000000000e-02   1.0000000000000000e-02   1.0000000000000000e-02   1.0000000000000000e-02   1.0000000000000000e-02   1.0000000000000000e-02   1.7400000000000000e+00   1.0000000000000000e-02   1.7400000000000000e+00   1.0000000000000000e-02   1.7400000000000000e+00   1.0000000000000000e-02   1.7400000000000000e+00   1.0000000000000000e-02   1.0000000000000000e-02   1.0000000000000000e-02   3.5181620042886175e-01   1.0000000000000000e-02   1.4901336872130932e+00   1.0000000000000000e-02   1.7400000000000000e+00   1.0000000000000000e-02   1.3149837858179370e+00   1.0000000000000000e-02   1.0000000000000000e-02   1.0000000000000000e-02   1.0000000000000000e-02   1.0000000000000000e-02   1.0000000000000000e-02   1.0000000000000000e-02   1.0000000000000000e-02   1.0000000000000000e-02   1.0000000000000000e-02   1.0000000000000000e-02   1.0000000000000000e-02   1.0000000000000000e-02   1.0000000000000000e-02   1.0000000000000000e-02   1.0000000000000000e-02   1.0000000000000000e-02   1.0000000000000000e-02   1.0000000000000000e-02   1.0000000000000000e-02   1.0000000000000000e-02   1.0000000000000000e-02   1.0000000000000000e-02   1.0000000000000000e-02   1.0000000000000000e-02   1.3739040479854538e+00   1.0000000000000000e-02   1.7400000000000000e+00   1.0000000000000000e-02   1.7400000000000000e+00   1.0000000000000000e-02   1.7400000000000000e+00   1.0000000000000000e-02   1.7400000000000000e+00   1.0000000000000000e-02   1.7400000000000000e+00   1.7400000000000000e+00   1.7400000000000000e+00   1.7400000000000000e+00   1.0000000000000000e-02   1.7400000000000000e+00   1.0000000000000000e-02   1.7400000000000000e+00   1.0000000000000000e-02   1.7400000000000000e+00   1.0000000000000000e-02   8.3367888201371299e-01   1.0000000000000000e-02   1.0000000000000000e-02   1.0000000000000000e-02   1.0000000000000000e-02   1.0000000000000000e-02   1.0000000000000000e-02   1.0000000000000000e-02   1.0000000000000000e-02   1.0000000000000000e-02   1.0000000000000000e-02   1.0000000000000000e-02   1.0000000000000000e-02   1.0000000000000000e-02   1.0000000000000000e-02   1.7400000000000000e+00   1.0000000000000000e-02   1.7400000000000000e+00   1.0000000000000000e-02   1.7400000000000000e+00   1.0000000000000000e-02   1.7400000000000000e+00   1.0000000000000000e-02   1.7400000000000000e+00   1.0000000000000000e-02   3.6366639801812889e-01   1.0000000000000000e-02   1.0000000000000000e-02   1.0000000000000000e-02   1.2114421422001884e+00   1.0000000000000000e-02   1.7400000000000000e+00   1.0000000000000000e-02   1.7400000000000000e+00   1.0000000000000000e-02   1.0000000000000000e-02   1.0000000000000000e-02   1.0000000000000000e-02   1.0000000000000000e-02   1.0000000000000000e-02   1.0000000000000000e-02   1.0000000000000000e-02   1.0000000000000000e-02   1.0000000000000000e-02   1.0000000000000000e-02   1.0000000000000000e-02   1.0000000000000000e-02   1.0000000000000000e-02   1.0000000000000000e-02   1.0000000000000000e-02   1.0000000000000000e-02   1.0000000000000000e-02   1.0000000000000000e-02   1.0000000000000000e-02   1.0000000000000000e-02   1.0000000000000000e-02   1.0000000000000000e-02   1.0000000000000000e-02   1.0000000000000000e-02   1.7400000000000000e+00   1.0000000000000000e-02   1.7400000000000000e+00   1.0000000000000000e-02   1.7400000000000000e+00   1.0000000000000000e-02   1.7400000000000000e+00   1.0000000000000000e-02   1.7400000000000000e+00   1.0000000000000000e-02   1.7400000000000000e+00   1.7400000000000000e+00   1.7400000000000000e+00   1.7400000000000000e+00   1.0000000000000000e-02   1.7400000000000000e+00   1.0000000000000000e-02   1.7400000000000000e+00   1.0000000000000000e-02   1.7400000000000000e+00   1.0000000000000000e-02   1.7400000000000000e+00   1.0000000000000000e-02   1.0000000000000000e-02   1.0000000000000000e-02   1.0000000000000000e-02   1.0000000000000000e-02   1.0000000000000000e-02   1.0000000000000000e-02   1.0000000000000000e-02   1.0000000000000000e-02   1.0000000000000000e-02   1.0000000000000000e-02   1.0000000000000000e-02   1.0000000000000000e-02   1.0000000000000000e-02   1.7400000000000000e+00   1.0000000000000000e-02   1.7400000000000000e+00   1.0000000000000000e-02   1.7400000000000000e+00   1.0000000000000000e-02   1.7400000000000000e+00   1.0000000000000000e-02   1.7400000000000000e+00   1.0000000000000000e-02   1.0000000000000000e-02   1.0000000000000000e-02   1.0000000000000000e-02   1.0000000000000000e-02   8.6091245325739962e-01   1.0000000000000000e-02   1.7400000000000000e+00   1.0000000000000000e-02   1.7400000000000000e+00   4.8022742289535247e-01   1.0000000000000000e-02   1.0000000000000000e-02   1.0000000000000000e-02   1.0000000000000000e-02   1.0000000000000000e-02   1.0000000000000000e-02   1.0000000000000000e-02   1.0000000000000000e-02   1.0000000000000000e-02   1.0000000000000000e-02   1.0000000000000000e-02   1.0000000000000000e-02   1.0000000000000000e-02   1.0000000000000000e-02   1.0000000000000000e-02   1.0000000000000000e-02   1.0000000000000000e-02   1.0000000000000000e-02   1.0000000000000000e-02   1.0000000000000000e-02   1.0000000000000000e-02   1.0000000000000000e-02   1.0000000000000000e-02   1.0000000000000000e-02   1.7400000000000000e+00   1.0000000000000000e-02   1.7400000000000000e+00   1.0000000000000000e-02   1.7400000000000000e+00   1.0000000000000000e-02   1.7400000000000000e+00   1.0000000000000000e-02   1.7400000000000000e+00   1.0000000000000000e-02   1.7400000000000000e+00   1.7400000000000000e+00   1.0000000000000000e-02   1.7400000000000000e+00   1.0000000000000000e-02   1.7400000000000000e+00   1.0000000000000000e-02   1.7400000000000000e+00   1.0000000000000000e-02   1.7400000000000000e+00   1.0000000000000000e-02   1.7400000000000000e+00   1.0000000000000000e-02   2.7416699961800151e-01   1.0000000000000000e-02   1.0000000000000000e-02   1.0000000000000000e-02   1.0000000000000000e-02   1.0000000000000000e-02   1.0000000000000000e-02   1.0000000000000000e-02   1.0000000000000000e-02   1.0000000000000000e-02   1.0000000000000000e-02   1.0000000000000000e-02   1.0000000000000000e-02   1.7400000000000000e+00   1.0000000000000000e-02   1.7400000000000000e+00   1.0000000000000000e-02   1.7400000000000000e+00   1.0000000000000000e-02   1.7400000000000000e+00   1.0000000000000000e-02   1.7400000000000000e+00   1.0000000000000000e-02   1.0000000000000000e-02   1.0000000000000000e-02   1.0000000000000000e-02   1.0000000000000000e-02   5.8600951924953115e-01   1.0000000000000000e-02   1.7400000000000000e+00   1.0000000000000000e-02   1.7400000000000000e+00   1.0000000000000000e-02   9.8629711272859100e-01   1.0000000000000000e-02   1.0000000000000000e-02   1.0000000000000000e-02   1.0000000000000000e-02   1.0000000000000000e-02   1.0000000000000000e-02   1.0000000000000000e-02   1.0000000000000000e-02   1.0000000000000000e-02   1.0000000000000000e-02   1.0000000000000000e-02   1.0000000000000000e-02   1.0000000000000000e-02   1.0000000000000000e-02   1.0000000000000000e-02   1.0000000000000000e-02   1.0000000000000000e-02   1.0000000000000000e-02   1.0000000000000000e-02   1.0000000000000000e-02   1.0000000000000000e-02   1.0000000000000000e-02   1.0000000000000000e-02   1.7400000000000000e+00   1.0000000000000000e-02   1.7400000000000000e+00   1.0000000000000000e-02   1.7400000000000000e+00   1.0000000000000000e-02   1.7400000000000000e+00   1.0000000000000000e-02   1.7400000000000000e+00   1.0000000000000000e-02   1.7400000000000000e+00   1.7400000000000000e+00   1.0000000000000000e-02   1.7400000000000000e+00   1.0000000000000000e-02   1.7400000000000000e+00   1.0000000000000000e-02   1.7400000000000000e+00   1.0000000000000000e-02   1.7400000000000000e+00   1.0000000000000000e-02   1.7400000000000000e+00   1.0000000000000000e-02   3.1224538451069800e-01   1.0000000000000000e-02   1.0000000000000000e-02   1.0000000000000000e-02   1.0000000000000000e-02   1.0000000000000000e-02   1.0000000000000000e-02   1.0000000000000000e-02   1.0000000000000000e-02   1.0000000000000000e-02   1.0000000000000000e-02   1.0000000000000000e-02   1.7400000000000000e+00   1.0000000000000000e-02   1.0000000000000000e-02   1.7400000000000000e+00   1.0000000000000000e-02   1.7400000000000000e+00   1.0000000000000000e-02   1.7400000000000000e+00   1.0000000000000000e-02   1.7400000000000000e+00   1.0000000000000000e-02   1.0000000000000000e-02   1.0000000000000000e-02   1.0000000000000000e-02   1.0000000000000000e-02   3.0553735530792614e-01   1.0000000000000000e-02   1.5805700648762739e+00   1.0000000000000000e-02   1.7400000000000000e+00   1.0000000000000000e-02   1.4297965318788681e+00   1.0000000000000000e-02   1.0000000000000000e-02   1.0000000000000000e-02   1.0000000000000000e-02   1.0000000000000000e-02   1.0000000000000000e-02   1.0000000000000000e-02   1.0000000000000000e-02   1.0000000000000000e-02   1.0000000000000000e-02   1.0000000000000000e-02   1.0000000000000000e-02   1.0000000000000000e-02   1.0000000000000000e-02   1.0000000000000000e-02   1.0000000000000000e-02   1.0000000000000000e-02   1.0000000000000000e-02   1.0000000000000000e-02   1.0000000000000000e-02   1.0000000000000000e-02   8.5317800070548744e-01   1.0000000000000000e-02   1.7400000000000000e+00   1.0000000000000000e-02   1.7400000000000000e+00   1.0000000000000000e-02   1.7400000000000000e+00   1.0000000000000000e-02   1.7400000000000000e+00   1.0000000000000000e-02   1.7400000000000000e+00   1.0000000000000000e-02   1.7400000000000000e+00   1.7400000000000000e+00   1.0000000000000000e-02   1.7400000000000000e+00   1.0000000000000000e-02   1.7400000000000000e+00   1.0000000000000000e-02   1.7400000000000000e+00   1.0000000000000000e-02   1.7400000000000000e+00   1.0000000000000000e-02   1.7400000000000000e+00   1.0000000000000000e-02   5.8169109316429468e-01   1.0000000000000000e-02   1.0000000000000000e-02   1.0000000000000000e-02   1.0000000000000000e-02   1.0000000000000000e-02   1.0000000000000000e-02   1.0000000000000000e-02   1.0000000000000000e-02   1.0000000000000000e-02   6.4411025704310565e-01   1.0000000000000000e-02   1.7400000000000000e+00   1.0000000000000000e-02   1.0000000000000000e-02   1.7400000000000000e+00   1.0000000000000000e-02   1.7400000000000000e+00   1.0000000000000000e-02   1.7400000000000000e+00   1.0000000000000000e-02   1.7400000000000000e+00   1.0000000000000000e-02   1.0000000000000000e-02   1.0000000000000000e-02   1.0000000000000000e-02   1.0000000000000000e-02   2.4606069081118442e-01   1.0000000000000000e-02   1.2748631983017300e+00   1.0000000000000000e-02   1.7400000000000000e+00   1.0000000000000000e-02   1.7400000000000000e+00   1.0000000000000000e-02   1.0000000000000000e-02   1.0000000000000000e-02   1.0000000000000000e-02   1.0000000000000000e-02   1.0000000000000000e-02   1.0000000000000000e-02   1.0000000000000000e-02   1.0000000000000000e-02   1.0000000000000000e-02   1.0000000000000000e-02   1.0000000000000000e-02   1.0000000000000000e-02   1.0000000000000000e-02   1.0000000000000000e-02   1.0000000000000000e-02   1.0000000000000000e-02   1.0000000000000000e-02   1.0000000000000000e-02   1.0000000000000000e-02   1.0000000000000000e-02   1.2604631332983356e+00   1.0000000000000000e-02   1.7400000000000000e+00   1.0000000000000000e-02   1.7400000000000000e+00   1.0000000000000000e-02   1.7400000000000000e+00   1.0000000000000000e-02   1.7400000000000000e+00   1.0000000000000000e-02   1.7400000000000000e+00   1.0000000000000000e-02   1.7400000000000000e+00   1.7400000000000000e+00   1.0000000000000000e-02   1.7400000000000000e+00   1.0000000000000000e-02   1.7400000000000000e+00   1.0000000000000000e-02   1.7400000000000000e+00   1.0000000000000000e-02   1.7400000000000000e+00   1.0000000000000000e-02   1.7400000000000000e+00   1.0000000000000000e-02   8.3476821259678446e-01   1.0000000000000000e-02   1.0000000000000000e-02   1.0000000000000000e-02   1.0000000000000000e-02   1.0000000000000000e-02   1.0000000000000000e-02   1.0000000000000000e-02   1.0000000000000000e-02   1.0000000000000000e-02   1.0225625231726694e+00   1.0000000000000000e-02   1.6015246308915010e+00   1.0000000000000000e-02   1.7400000000000000e+00   1.0000000000000000e-02   1.0000000000000000e-02   1.7400000000000000e+00   1.0000000000000000e-02   7.8010073991609807e-01   1.0000000000000000e-02   1.7400000000000000e+00   1.0000000000000000e-02   1.0000000000000000e-02   1.0000000000000000e-02   1.0000000000000000e-02   1.0000000000000000e-02   1.0000000000000000e-02   1.0000000000000000e-02   8.8749380933561595e-01   1.0000000000000000e-02   1.7395715265081706e+00   1.0000000000000000e-02   1.7400000000000000e+00   1.0000000000000000e-02   6.9761454890335539e-01   1.0000000000000000e-02   1.0000000000000000e-02   1.0000000000000000e-02   1.0000000000000000e-02   1.0000000000000000e-02   1.0000000000000000e-02   3.2950347755504494e-01   1.0000000000000000e-02   9.7698778426232924e-02   1.0000000000000000e-02   1.0000000000000000e-02   1.0000000000000000e-02   1.0000000000000000e-02   1.0000000000000000e-02   1.0000000000000000e-02   1.0000000000000000e-02   1.0000000000000000e-02   1.0000000000000000e-02   1.0000000000000000e-02   1.6198821415325617e+00   1.0000000000000000e-02   1.7400000000000000e+00   1.0000000000000000e-02   1.7400000000000000e+00   1.0000000000000000e-02   1.7400000000000000e+00   1.0000000000000000e-02   1.7400000000000000e+00   1.0000000000000000e-02   1.7400000000000000e+00   1.0000000000000000e-02   1.7400000000000000e+00   1.7400000000000000e+00   1.0000000000000000e-02   1.7400000000000000e+00   1.0000000000000000e-02   1.7400000000000000e+00   1.0000000000000000e-02   1.7400000000000000e+00   1.0000000000000000e-02   1.7400000000000000e+00   1.0000000000000000e-02   1.7400000000000000e+00   1.0000000000000000e-02   1.1690872125622742e+00   1.0000000000000000e-02   1.8717755775922720e-01   1.0000000000000000e-02   1.0000000000000000e-02   1.0000000000000000e-02   1.0000000000000000e-02   1.0000000000000000e-02   1.0000000000000000e-02   1.0000000000000000e-02   1.3398895865658644e+00   1.0000000000000000e-02   1.6689722151730022e+00   1.0000000000000000e-02   1.7400000000000000e+00   1.0000000000000000e-02   1.7400000000000000e+00   1.0000000000000000e-02   1.0000000000000000e-02   5.4526971574043848e-01   1.0000000000000000e-02   1.7400000000000000e+00   1.0000000000000000e-02   4.6406542414417773e-01   1.0000000000000000e-02   1.0000000000000000e-02   1.0000000000000000e-02   1.0000000000000000e-02   1.0000000000000000e-02   6.3738519007361683e-01   1.0000000000000000e-02   1.6384040904031452e+00   1.0000000000000000e-02   1.7400000000000000e+00   1.0000000000000000e-02   9.8045961851514796e-01   1.0000000000000000e-02   3.7427534597222223e-01   1.0000000000000000e-02   4.5831951521480929e-01   1.0000000000000000e-02   1.0000000000000000e-02   2.3853413644434432e-01   1.0000000000000000e-02   1.7826725854831160e-01   1.0000000000000000e-02   1.0000000000000000e-02   1.0000000000000000e-02   1.0000000000000000e-02   1.0000000000000000e-02   1.0000000000000000e-02   1.0000000000000000e-02   1.0000000000000000e-02   1.0412809010120321e+00   1.0000000000000000e-02   1.2849670324912956e+00   1.0000000000000000e-02   1.7400000000000000e+00   1.0000000000000000e-02   1.7400000000000000e+00   1.0000000000000000e-02   1.7400000000000000e+00   1.0000000000000000e-02   1.7400000000000000e+00   1.0000000000000000e-02   1.7400000000000000e+00   1.7400000000000000e+00   1.0000000000000000e-02   1.7400000000000000e+00   1.0000000000000000e-02   1.7400000000000000e+00   1.0000000000000000e-02   1.7400000000000000e+00   1.0000000000000000e-02   1.7400000000000000e+00   1.0000000000000000e-02   1.7400000000000000e+00   1.0000000000000000e-02   1.7400000000000000e+00   1.0000000000000000e-02   1.4923279824517359e+00   1.0000000000000000e-02   4.2937469764069414e-01   1.0000000000000000e-02   1.0000000000000000e-02   1.0000000000000000e-02   1.0000000000000000e-02   1.0000000000000000e-02   1.0000000000000000e-02   1.0000000000000000e-02   1.6032211209748599e+00   1.0000000000000000e-02   1.7400000000000000e+00   1.0000000000000000e-02   1.7400000000000000e+00   1.0000000000000000e-02   1.7400000000000000e+00   1.0000000000000000e-02   5.6776975808578689e-01   1.0000000000000000e-02   1.0000000000000000e-02   1.7400000000000000e+00   1.0000000000000000e-02   7.3624483351409409e-01   1.0000000000000000e-02   1.0000000000000000e-02   1.0000000000000000e-02   1.0000000000000000e-02   1.0000000000000000e-02   5.3675898433146796e-01   1.0000000000000000e-02   1.6591530131300078e+00   1.0000000000000000e-02   1.4584220664802638e+00   1.0000000000000000e-02   1.1198748745712430e+00   1.0000000000000000e-02   6.6368021749774631e-01   1.0000000000000000e-02   3.3811601888964393e-01   1.0000000000000000e-02   1.0000000000000000e-02   3.8971223544624123e-01   1.0000000000000000e-02   1.0000000000000000e-02   1.4130936315070800e-01   3.5996636369219903e-01   1.0000000000000000e-02   1.0000000000000000e-02   1.0000000000000000e-02   1.0000000000000000e-02   1.0000000000000000e-02   1.0000000000000000e-02   1.4148961892012033e+00   1.0000000000000000e-02   8.2160709257930531e-01   1.0000000000000000e-02   1.7400000000000000e+00   1.0000000000000000e-02   1.7400000000000000e+00   1.0000000000000000e-02   1.7400000000000000e+00   1.1162809249918315e+00   1.1115922721490992e+00   1.0000000000000000e-02   1.7400000000000000e+00   1.7400000000000000e+00   1.0000000000000000e-02   1.7400000000000000e+00   1.0000000000000000e-02   1.7400000000000000e+00   1.0000000000000000e-02   1.7400000000000000e+00   1.0000000000000000e-02   1.7400000000000000e+00   1.0000000000000000e-02   1.7400000000000000e+00   1.0000000000000000e-02   1.7400000000000000e+00   1.0000000000000000e-02   1.7400000000000000e+00   1.0000000000000000e-02   6.1036539058429784e-01   1.0000000000000000e-02   1.0000000000000000e-02   1.0000000000000000e-02   1.0000000000000000e-02   1.0000000000000000e-02   1.0000000000000000e-02   1.0000000000000000e-02   1.7400000000000000e+00   1.0000000000000000e-02   1.7400000000000000e+00   1.0000000000000000e-02   1.7400000000000000e+00   1.0000000000000000e-02   1.6468162103468176e+00   1.0000000000000000e-02   5.4524554714385687e-01   1.0000000000000000e-02   1.7400000000000000e+00   1.0000000000000000e-02   6.8912122616079574e-01   1.0000000000000000e-02   1.0000000000000000e-02   1.0000000000000000e-02   1.0000000000000000e-02   1.0000000000000000e-02   1.0000000000000000e-02   5.2868610149320860e-01   1.0000000000000000e-02   1.7375863273692886e+00   1.0000000000000000e-02   1.1425469371178201e+00   1.0000000000000000e-02   1.0731855499318947e+00   1.0000000000000000e-02   9.0292262478375940e-01   1.0000000000000000e-02   6.3251366348629323e-01   1.0000000000000000e-02   1.0000000000000000e-02   5.0879423046357064e-01   1.0000000000000000e-02   2.7650886294472676e-01   1.0000000000000000e-02   5.4373431574595610e-01   1.0000000000000000e-02   1.0000000000000000e-02   1.0000000000000000e-02   1.0000000000000000e-02   1.0000000000000000e-02   1.0000000000000000e-02   1.7400000000000000e+00   1.0000000000000000e-02   1.0000000000000000e-02   1.7400000000000000e+00   1.7400000000000000e+00   1.0000000000000000e-02   1.7400000000000000e+00   1.0000000000000000e-02   1.7400000000000000e+00   1.0000000000000000e-02   1.7400000000000000e+00   1.0000000000000000e-02   1.7400000000000000e+00   1.0000000000000000e-02   1.7400000000000000e+00   1.7400000000000000e+00   1.0000000000000000e-02   1.7400000000000000e+00   1.0000000000000000e-02   1.7400000000000000e+00   1.0000000000000000e-02   1.7400000000000000e+00   1.0000000000000000e-02   1.7400000000000000e+00   1.0000000000000000e-02   1.7400000000000000e+00   1.0000000000000000e-02   1.7400000000000000e+00   1.0000000000000000e-02   9.1370478059216831e-01   1.0000000000000000e-02   1.0000000000000000e-02   1.0000000000000000e-02   1.0000000000000000e-02   1.0000000000000000e-02   7.8501828854153555e-01   1.0000000000000000e-02   1.7400000000000000e+00   1.0000000000000000e-02   1.7332341361687553e+00   1.0000000000000000e-02   1.4891019470684790e+00   1.0000000000000000e-02   1.6286055827231904e+00   1.0000000000000000e-02   1.7228929559720926e-01   1.0000000000000000e-02   1.7400000000000000e+00   1.0000000000000000e-02   7.9395132135506952e-01   1.0000000000000000e-02   1.0000000000000000e-02   1.0000000000000000e-02   1.0000000000000000e-02   1.0000000000000000e-02   5.5097229349634624e-01   1.0000000000000000e-02   1.0000000000000000e-02   1.7400000000000000e+00   1.0000000000000000e-02   8.2317184951184930e-01   1.0000000000000000e-02   9.0119556882072227e-01   1.0000000000000000e-02   8.7078455284534084e-01   1.0000000000000000e-02   8.4757606805598462e-01   4.6383089002930877e-01   1.0000000000000000e-02   5.0008727973060796e-01   1.0000000000000000e-02   4.4671974961415789e-01   1.0000000000000000e-02   3.2151410612457559e-01   1.0000000000000000e-02   1.0000000000000000e-02   1.0000000000000000e-02   1.0000000000000000e-02   1.0000000000000000e-02   1.0000000000000000e-02   1.7400000000000000e+00   1.0000000000000000e-02   1.0826671720631438e+00   1.7400000000000000e+00   1.7400000000000000e+00   1.0000000000000000e-02   1.7400000000000000e+00   1.0000000000000000e-02   1.7400000000000000e+00   1.0000000000000000e-02   1.7400000000000000e+00   1.1032273386780287e+00   1.4173678274541355e+00   1.0000000000000000e-02   1.7400000000000000e+00   1.7400000000000000e+00   1.0000000000000000e-02   1.7400000000000000e+00   1.0000000000000000e-02   1.7400000000000000e+00   1.0000000000000000e-02   1.7400000000000000e+00   1.0000000000000000e-02   1.7400000000000000e+00   1.0000000000000000e-02   1.7400000000000000e+00   1.0000000000000000e-02   1.7400000000000000e+00   1.0000000000000000e-02   1.2536727545985451e+00   1.0000000000000000e-02   1.0000000000000000e-02   1.0000000000000000e-02   8.6676400201825787e-01   1.0000000000000000e-02   1.5694152411807689e+00   1.0000000000000000e-02   1.7400000000000000e+00   1.0000000000000000e-02   1.6104623825015145e+00   1.0000000000000000e-02   1.3849748195726268e+00   1.0000000000000000e-02   1.6297632282299881e+00   1.0000000000000000e-02   1.0000000000000000e-02   1.0000000000000000e-02   1.7400000000000000e+00   1.0000000000000000e-02   1.0120833285303332e+00   1.0000000000000000e-02   1.0000000000000000e-02   1.0000000000000000e-02   1.0000000000000000e-02   1.0000000000000000e-02   5.8580377852799692e-01   1.0000000000000000e-02   1.7400000000000000e+00   1.0000000000000000e-02   8.4637997388430630e-01   1.0000000000000000e-02   9.2684361287342099e-01   1.0000000000000000e-02   8.4272973684861452e-01   1.0000000000000000e-02   6.2364566340840810e-01   1.0000000000000000e-02   5.0064277896857412e-01   1.0000000000000000e-02   5.0139486680425949e-01   1.0000000000000000e-02   4.3706650830003069e-01   1.0000000000000000e-02   4.7266759490864568e-01   1.0000000000000000e-02   1.0000000000000000e-02   1.0000000000000000e-02   1.0000000000000000e-02   1.0000000000000000e-02   1.0000000000000000e-02   1.3814300898810723e+00   1.0000000000000000e-02   1.7400000000000000e+00   1.0000000000000000e-02   1.7400000000000000e+00   1.0000000000000000e-02   1.7400000000000000e+00   1.0000000000000000e-02   1.7400000000000000e+00   1.0000000000000000e-02   1.7400000000000000e+00   1.0000000000000000e-02   1.7400000000000000e+00   1.0000000000000000e-02   1.7400000000000000e+00   1.0000000000000000e-02   1.7400000000000000e+00   1.0000000000000000e-02   1.6713040367881937e+00   1.7400000000000000e+00   1.0000000000000000e-02   1.6790043263464063e+00   1.0000000000000000e-02   1.7400000000000000e+00   1.0000000000000000e-02   1.7400000000000000e+00   1.0000000000000000e-02   1.7400000000000000e+00   1.0000000000000000e-02   1.6133155050696242e+00   1.0000000000000000e-02   9.3369533039796659e-01   1.0000000000000000e-02   1.0000000000000000e-02   1.0000000000000000e-02   1.7400000000000000e+00   1.0000000000000000e-02   1.7400000000000000e+00   1.0000000000000000e-02   1.5295865357755960e+00   1.0000000000000000e-02   1.3680462923686385e+00   1.0000000000000000e-02   1.6504569290640640e+00   1.0000000000000000e-02   1.0000000000000000e-02   1.0000000000000000e-02   1.7400000000000000e+00   1.0000000000000000e-02   1.4323155543514379e+00   1.0000000000000000e-02   1.0000000000000000e-02   1.0000000000000000e-02   1.0227530569456009e+00   1.0000000000000000e-02   1.2592951823501770e+00   1.0000000000000000e-02   1.7400000000000000e+00   1.0000000000000000e-02   8.7346170572826209e-01   1.0000000000000000e-02   8.9227798912983958e-01   1.0000000000000000e-02   8.7316489482943704e-01   1.0000000000000000e-02   7.1386655956907230e-01   1.0000000000000000e-02   5.9877709111003041e-01   1.0000000000000000e-02   5.7761391837261877e-01   1.0000000000000000e-02   4.1923739575956587e-01   1.0000000000000000e-02   1.0000000000000000e-02   4.3547084362744659e-01   4.2252989035016447e-01   1.0000000000000000e-02   1.0000000000000000e-02   1.0000000000000000e-02   1.0000000000000000e-02   1.1400086001054477e+00   1.0000000000000000e-02   1.7400000000000000e+00   1.7400000000000000e+00   1.0000000000000000e-02   1.0000000000000000e-02   1.7400000000000000e+00   1.0000000000000000e-02   1.7400000000000000e+00   1.0000000000000000e-02   1.7400000000000000e+00   1.0000000000000000e-02   1.7400000000000000e+00   1.0000000000000000e-02   1.7400000000000000e+00   1.0000000000000000e-02   1.7400000000000000e+00   1.0000000000000000e-02   1.7400000000000000e+00   1.0000000000000000e-02   1.7400000000000000e+00   1.0000000000000000e-02   1.6728367157777009e+00   1.6782697862520384e+00   1.0000000000000000e-02   1.7400000000000000e+00   1.0000000000000000e-02   1.7400000000000000e+00   1.0000000000000000e-02   1.7400000000000000e+00   1.0000000000000000e-02   1.1910207900414669e+00   1.0000000000000000e-02   9.7971360757264669e-01   1.0000000000000000e-02   1.6663560053015480e+00   1.0000000000000000e-02   1.5513001042638714e+00   1.0000000000000000e-02   1.6659376940231336e+00   1.0000000000000000e-02   1.7400000000000000e+00   1.0000000000000000e-02   1.7400000000000000e+00   1.0000000000000000e-02   1.7400000000000000e+00   1.0000000000000000e-02   1.7400000000000000e+00   1.0000000000000000e-02   1.7400000000000000e+00   1.0000000000000000e-02   1.7400000000000000e+00   1.0000000000000000e-02   7.3076674310093959e-01   1.0000000000000000e-02   1.3241449818061348e+00   1.0000000000000000e-02   1.7400000000000000e+00   1.0000000000000000e-02   1.6690808560224040e+00   1.0000000000000000e-02   1.5405818624781145e+00   1.0000000000000000e-02   1.4323220569875525e+00   1.0000000000000000e-02   1.2516985574229511e+00   1.0000000000000000e-02   9.9304286350410742e-01   1.0000000000000000e-02   7.9172777019636320e-01   1.0000000000000000e-02   6.6073461120098231e-01   1.0000000000000000e-02   4.7689056503514760e-01   1.0000000000000000e-02   3.2713514490684109e-01   2.4711723597860119e-01   1.7400000000000000e+00   1.0000000000000000e-02   1.0000000000000000e-02   </DataArray> 
</CellData> 
</Piece>
</UnstructuredGrid>
</VTKFile>